Population,Replicate,Treatment,Block,Generation,Female_offspring,Male_offspring
1,1,Female,1,1,20,25
1,1,Female,1,2,25,23
1,1,Female,1,3,0,0
1,1,Female,1,4,0,0
1,1,Female,1,5,0,0
1,1,Female,1,6,0,0
1,1,Female,1,7,0,0
1,1,Female,1,8,0,0
1,1,Female,1,9,0,0
1,1,Female,1,10,0,0
1,1,Female,1,11,0,0
1,1,Female,1,12,0,0
1,1,Female,1,13,0,0
1,4,Female,1,1,54,59
1,4,Female,1,2,51,56
1,4,Female,1,3,0,0
1,4,Female,1,4,0,0
1,4,Female,1,5,0,0
1,4,Female,1,6,0,0
1,4,Female,1,7,0,0
1,4,Female,1,8,0,0
1,4,Female,1,9,0,0
1,4,Female,1,10,0,0
1,4,Female,1,11,0,0
1,4,Female,1,12,0,0
1,4,Female,1,13,0,0
1,5,Female,1,1,37,43
1,5,Female,1,2,42,53
1,5,Female,1,3,37,39
1,5,Female,1,4,17,10
1,5,Female,1,5,NA,NA
1,5,Female,1,6,NA,NA
1,5,Female,1,7,0,0
1,5,Female,1,8,0,0
1,5,Female,1,9,0,0
1,5,Female,1,10,0,0
1,5,Female,1,11,0,0
1,5,Female,1,12,0,0
1,5,Female,1,13,NA,NA
1,6,Female,1,1,43,49
1,6,Female,1,2,9,21
1,6,Female,1,3,21,13
1,6,Female,1,4,30,24
1,6,Female,1,5,23,29
1,6,Female,1,6,2,2
1,6,Female,1,7,18,18
1,6,Female,1,8,2,3
1,6,Female,1,9,4,4
1,6,Female,1,10,0,2
1,6,Female,1,11,1,1
1,6,Female,1,12,0,0
1,6,Female,1,13,0,0
1,8,Female,1,1,41,53
1,8,Female,1,2,29,37
1,8,Female,1,3,17,27
1,8,Female,1,4,0,0
1,8,Female,1,5,0,0
1,8,Female,1,6,0,0
1,8,Female,1,7,0,0
1,8,Female,1,8,0,0
1,8,Female,1,9,0,0
1,8,Female,1,10,0,0
1,8,Female,1,11,0,0
1,8,Female,1,12,0,0
1,8,Female,1,13,0,0
1,11,Female,2,1,11,28
1,11,Female,2,2,9,14
1,11,Female,2,3,19,12
1,11,Female,2,4,0,0
1,13,Female,2,1,6,7
1,13,Female,2,2,48,49
1,13,Female,2,3,31,34
1,13,Female,2,4,32,42
1,14,Female,2,1,16,9
1,14,Female,2,2,38,45
1,14,Female,2,3,19,20
1,14,Female,2,4,8,19
1,15,Female,2,1,12,25
1,15,Female,2,2,50,61
1,15,Female,2,3,25,16
1,15,Female,2,4,26,40
1,17,Female,2,1,24,21
1,17,Female,2,2,0,0
1,17,Female,2,3,0,0
1,17,Female,2,4,0,0
1,18,Female,2,1,12,14
1,18,Female,2,2,26,29
1,18,Female,2,3,10,22
1,18,Female,2,4,24,23
1,19,Female,2,1,18,29
1,19,Female,2,2,40,45
1,19,Female,2,3,9,11
1,19,Female,2,4,27,43
2,1,Female,1,1,55,60
2,1,Female,1,2,27,24
2,1,Female,1,3,17,17
2,1,Female,1,4,0,0
2,1,Female,1,5,0,0
2,1,Female,1,6,0,0
2,1,Female,1,7,0,0
2,1,Female,1,8,0,0
2,1,Female,1,9,0,0
2,1,Female,1,10,0,0
2,1,Female,1,11,0,0
2,1,Female,1,12,0,0
2,1,Female,1,13,0,0
2,3,Female,1,1,56,74
2,3,Female,1,2,4,6
2,3,Female,1,3,4,6
2,3,Female,1,4,6,6
2,3,Female,1,5,0,0
2,3,Female,1,6,0,0
2,3,Female,1,7,0,0
2,3,Female,1,8,0,0
2,3,Female,1,9,0,0
2,3,Female,1,10,0,0
2,3,Female,1,11,0,0
2,3,Female,1,12,0,0
2,3,Female,1,13,0,0
2,5,Female,1,1,55,56
2,5,Female,1,2,40,42
2,5,Female,1,3,23,27
2,5,Female,1,4,27,16
2,5,Female,1,5,1,2
2,5,Female,1,6,0,0
2,5,Female,1,7,0,0
2,5,Female,1,8,0,0
2,5,Female,1,9,0,0
2,5,Female,1,10,0,0
2,5,Female,1,11,0,0
2,5,Female,1,12,0,0
2,5,Female,1,13,0,0
2,6,Female,1,1,43,43
2,6,Female,1,2,21,46
2,6,Female,1,3,36,37
2,6,Female,1,4,31,27
2,6,Female,1,5,39,47
2,6,Female,1,6,34,39
2,6,Female,1,7,0,0
2,6,Female,1,8,0,0
2,6,Female,1,9,0,0
2,6,Female,1,10,0,0
2,6,Female,1,11,0,0
2,6,Female,1,12,0,0
2,6,Female,1,13,NA,NA
2,7,Female,1,1,42,44
2,7,Female,1,2,0,0
2,7,Female,1,3,0,0
2,7,Female,1,4,0,0
2,7,Female,1,5,0,0
2,7,Female,1,6,0,0
2,7,Female,1,7,0,0
2,7,Female,1,8,0,0
2,7,Female,1,9,0,0
2,7,Female,1,10,0,0
2,7,Female,1,11,0,0
2,7,Female,1,12,0,0
2,7,Female,1,13,0,0
2,8,Female,1,1,44,40
2,8,Female,1,2,37,36
2,8,Female,1,3,19,21
2,8,Female,1,4,41,32
2,8,Female,1,5,43,44
2,8,Female,1,6,42,40
2,8,Female,1,7,3,1
2,8,Female,1,8,18,12
2,8,Female,1,9,0,0
2,8,Female,1,10,0,0
2,8,Female,1,11,0,0
2,8,Female,1,12,0,0
2,8,Female,1,13,0,0
2,10,Female,1,1,53,57
2,10,Female,1,2,3,3
2,10,Female,1,3,0,0
2,10,Female,1,4,0,0
2,10,Female,1,5,0,0
2,10,Female,1,6,0,0
2,10,Female,1,7,0,0
2,10,Female,1,8,0,0
2,10,Female,1,9,0,0
2,10,Female,1,10,0,0
2,10,Female,1,11,0,0
2,10,Female,1,12,0,0
2,10,Female,1,13,0,0
2,11,Female,2,1,26,38
2,11,Female,2,2,39,40
2,11,Female,2,3,30,32
2,11,Female,2,4,35,39
2,12,Female,2,1,10,17
2,12,Female,2,2,29,48
2,12,Female,2,3,46,49
2,12,Female,2,4,20,26
2,13,Female,2,1,15,15
2,13,Female,2,2,14,21
2,13,Female,2,3,6,11
2,13,Female,2,4,16,25
2,14,Female,2,1,1,5
2,14,Female,2,2,8,13
2,14,Female,2,3,0,0
2,14,Female,2,4,0,0
2,15,Female,2,1,32,34
2,15,Female,2,2,13,16
2,15,Female,2,3,33,28
2,15,Female,2,4,38,38
2,16,Female,2,1,8,11
2,16,Female,2,2,29,23
2,16,Female,2,3,0,0
2,16,Female,2,4,0,0
2,21,Female,2,1,27,20
2,21,Female,2,2,32,34
2,21,Female,2,3,11,12
2,21,Female,2,4,8,7
3,3,Female,1,1,29,47
3,3,Female,1,2,46,54
3,3,Female,1,3,42,50
3,3,Female,1,4,41,58
3,3,Female,1,5,38,54
3,3,Female,1,6,0,0
3,3,Female,1,7,0,0
3,3,Female,1,8,0,0
3,3,Female,1,9,0,0
3,3,Female,1,10,0,0
3,3,Female,1,11,0,0
3,3,Female,1,12,0,0
3,3,Female,1,13,0,0
3,5,Female,1,1,31,43
3,5,Female,1,2,14,17
3,5,Female,1,3,17,19
3,5,Female,1,4,0,0
3,5,Female,1,5,0,0
3,5,Female,1,6,0,0
3,5,Female,1,7,0,0
3,5,Female,1,8,0,0
3,5,Female,1,9,0,0
3,5,Female,1,10,0,0
3,5,Female,1,11,0,0
3,5,Female,1,12,0,0
3,5,Female,1,13,0,0
3,6,Female,1,1,51,44
3,6,Female,1,2,0,0
3,6,Female,1,3,0,0
3,6,Female,1,4,0,0
3,6,Female,1,5,0,0
3,6,Female,1,6,0,0
3,6,Female,1,7,0,0
3,6,Female,1,8,0,0
3,6,Female,1,9,0,0
3,6,Female,1,10,0,0
3,6,Female,1,11,0,0
3,6,Female,1,12,0,0
3,6,Female,1,13,0,0
3,7,Female,1,1,71,64
3,7,Female,1,2,38,48
3,7,Female,1,3,44,43
3,7,Female,1,4,23,29
3,7,Female,1,5,59,48
3,7,Female,1,6,38,48
3,7,Female,1,7,16,20
3,7,Female,1,8,17,26
3,7,Female,1,9,4,4
3,7,Female,1,10,2,0
3,7,Female,1,11,0,0
3,7,Female,1,12,0,0
3,7,Female,1,13,0,0
3,8,Female,1,1,48,54
3,8,Female,1,2,14,11
3,8,Female,1,3,0,0
3,8,Female,1,4,0,0
3,8,Female,1,5,0,0
3,8,Female,1,6,0,0
3,8,Female,1,7,0,0
3,8,Female,1,8,0,0
3,8,Female,1,9,0,0
3,8,Female,1,10,0,0
3,8,Female,1,11,0,0
3,8,Female,1,12,0,0
3,8,Female,1,13,0,0
3,10,Female,1,1,51,53
3,10,Female,1,2,28,22
3,10,Female,1,3,16,18
3,10,Female,1,4,5,7
3,10,Female,1,5,11,7
3,10,Female,1,6,0,0
3,10,Female,1,7,0,0
3,10,Female,1,8,0,0
3,10,Female,1,9,0,0
3,10,Female,1,10,0,0
3,10,Female,1,11,0,0
3,10,Female,1,12,0,0
3,10,Female,1,13,0,0
3,11,Female,2,1,11,11
3,11,Female,2,2,27,38
3,11,Female,2,3,8,26
3,11,Female,2,4,26,26
3,12,Female,2,1,1,2
3,12,Female,2,2,45,55
3,12,Female,2,3,39,21
3,12,Female,2,4,7,21
3,13,Female,2,1,2,4
3,13,Female,2,2,25,32
3,13,Female,2,3,33,43
3,13,Female,2,4,24,25
3,14,Female,2,1,5,15
3,14,Female,2,2,14,26
3,14,Female,2,3,6,11
3,14,Female,2,4,18,37
3,16,Female,2,1,27,33
3,16,Female,2,2,14,22
3,16,Female,2,3,36,27
3,16,Female,2,4,26,36
3,17,Female,2,1,6,9
3,17,Female,2,2,0,0
3,17,Female,2,3,0,0
3,17,Female,2,4,0,0
3,19,Female,2,1,3,9
3,19,Female,2,2,31,47
3,19,Female,2,3,30,35
3,19,Female,2,4,23,30
4,1,Female,1,1,54,59
4,1,Female,1,2,48,44
4,1,Female,1,3,40,31
4,1,Female,1,4,38,44
4,1,Female,1,5,27,40
4,1,Female,1,6,35,31
4,1,Female,1,7,32,40
4,1,Female,1,8,13,30
4,1,Female,1,9,27,14
4,1,Female,1,10,0,1
4,1,Female,1,11,0,0
4,1,Female,1,12,0,0
4,1,Female,1,13,0,0
4,2,Female,1,1,58,66
4,2,Female,1,2,39,45
4,2,Female,1,3,52,44
4,2,Female,1,4,48,42
4,2,Female,1,5,51,48
4,2,Female,1,6,46,25
4,2,Female,1,7,41,20
4,2,Female,1,8,13,10
4,2,Female,1,9,13,10
4,2,Female,1,10,1,0
4,2,Female,1,11,0,0
4,2,Female,1,12,0,0
4,2,Female,1,13,0,0
4,7,Female,1,1,61,63
4,7,Female,1,2,61,53
4,7,Female,1,3,53,41
4,7,Female,1,4,13,16
4,7,Female,1,5,15,26
4,7,Female,1,6,17,27
4,7,Female,1,7,28,29
4,7,Female,1,8,0,0
4,7,Female,1,9,0,0
4,7,Female,1,10,0,0
4,7,Female,1,11,0,0
4,7,Female,1,12,0,0
4,7,Female,1,13,0,0
4,9,Female,1,1,44,45
4,9,Female,1,2,31,10
4,9,Female,1,3,56,39
4,9,Female,1,4,25,20
4,9,Female,1,5,9,13
4,9,Female,1,6,38,34
4,9,Female,1,7,38,23
4,9,Female,1,8,20,19
4,9,Female,1,9,16,17
4,9,Female,1,10,3,4
4,9,Female,1,11,3,2
4,9,Female,1,12,0,3
4,9,Female,1,13,0,0
4,11,Female,2,1,8,19
4,11,Female,2,2,33,42
4,11,Female,2,3,55,41
4,11,Female,2,4,42,54
4,12,Female,2,1,0,1
4,12,Female,2,2,0,0
4,12,Female,2,3,0,0
4,12,Female,2,4,0,0
4,16,Female,2,1,1,9
4,16,Female,2,2,39,40
4,16,Female,2,3,21,31
4,16,Female,2,4,7,1
4,17,Female,2,1,42,47
4,17,Female,2,2,20,32
4,17,Female,2,3,1,1
4,17,Female,2,4,21,31
4,19,Female,2,1,1,0
4,19,Female,2,2,0,0
4,19,Female,2,3,0,0
4,19,Female,2,4,0,0
4,20,Female,2,1,2,6
4,20,Female,2,2,5,15
4,20,Female,2,3,11,7
4,20,Female,2,4,7,11
4,21,Female,2,1,9,30
4,21,Female,2,2,35,41
4,21,Female,2,3,20,22
4,21,Female,2,4,0,0
5,2,Female,1,1,65,46
5,2,Female,1,2,62,57
5,2,Female,1,3,44,50
5,2,Female,1,4,30,51
5,2,Female,1,5,34,52
5,2,Female,1,6,10,6
5,2,Female,1,7,31,40
5,2,Female,1,8,11,14
5,2,Female,1,9,14,33
5,2,Female,1,10,15,20
5,2,Female,1,11,3,1
5,2,Female,1,12,23,33
5,2,Female,1,13,11,12
5,3,Female,1,1,20,31
5,3,Female,1,2,28,27
5,3,Female,1,3,0,0
5,3,Female,1,4,0,0
5,3,Female,1,5,0,0
5,3,Female,1,6,0,0
5,3,Female,1,7,0,0
5,3,Female,1,8,0,0
5,3,Female,1,9,0,0
5,3,Female,1,10,0,0
5,3,Female,1,11,0,0
5,3,Female,1,12,0,0
5,3,Female,1,13,0,0
5,4,Female,1,1,57,62
5,4,Female,1,2,45,49
5,4,Female,1,3,25,33
5,4,Female,1,4,18,30
5,4,Female,1,5,51,43
5,4,Female,1,6,43,44
5,4,Female,1,7,11,18
5,4,Female,1,8,6,6
5,4,Female,1,9,24,20
5,4,Female,1,10,20,21
5,4,Female,1,11,0,0
5,4,Female,1,12,0,0
5,4,Female,1,13,0,0
5,5,Female,1,1,44,57
5,5,Female,1,2,25,37
5,5,Female,1,3,32,34
5,5,Female,1,4,24,32
5,5,Female,1,5,15,26
5,5,Female,1,6,16,20
5,5,Female,1,7,19,21
5,5,Female,1,8,0,0
5,5,Female,1,9,0,0
5,5,Female,1,10,0,0
5,5,Female,1,11,0,0
5,5,Female,1,12,0,0
5,5,Female,1,13,0,0
5,7,Female,1,1,8,17
5,7,Female,1,2,23,28
5,7,Female,1,3,10,20
5,7,Female,1,4,7,4
5,7,Female,1,5,14,33
5,7,Female,1,6,0,0
5,7,Female,1,7,0,0
5,7,Female,1,8,0,0
5,7,Female,1,9,0,0
5,7,Female,1,10,0,0
5,7,Female,1,11,0,0
5,7,Female,1,12,0,0
5,7,Female,1,13,0,0
5,13,Female,2,1,0,0
5,13,Female,2,2,0,0
5,13,Female,2,3,0,0
5,13,Female,2,4,0,0
5,14,Female,2,1,0,3
5,14,Female,2,2,0,0
5,14,Female,2,3,0,0
5,14,Female,2,4,0,0
5,15,Female,2,1,22,22
5,15,Female,2,2,30,43
5,15,Female,2,3,25,27
5,15,Female,2,4,17,19
5,17,Female,2,1,17,22
5,17,Female,2,2,3,3
5,17,Female,2,3,0,0
5,17,Female,2,4,0,0
5,18,Female,2,1,23,25
5,18,Female,2,2,27,21
5,18,Female,2,3,1,3
5,18,Female,2,4,3,17
5,19,Female,2,1,14,21
5,19,Female,2,2,12,14
5,19,Female,2,3,45,36
5,19,Female,2,4,42,49
5,20,Female,2,1,35,41
5,20,Female,2,2,34,33
5,20,Female,2,3,40,66
5,20,Female,2,4,46,31
6,1,Female,1,1,57,59
6,1,Female,1,2,26,43
6,1,Female,1,3,21,27
6,1,Female,1,4,21,24
6,1,Female,1,5,35,38
6,1,Female,1,6,2,5
6,1,Female,1,7,0,0
6,1,Female,1,8,0,0
6,1,Female,1,9,0,0
6,1,Female,1,10,0,0
6,1,Female,1,11,0,0
6,1,Female,1,12,0,0
6,1,Female,1,13,0,0
6,6,Female,1,1,87,62
6,6,Female,1,2,59,61
6,6,Female,1,3,6,13
6,6,Female,1,4,44,53
6,6,Female,1,5,41,60
6,6,Female,1,6,40,45
6,6,Female,1,7,17,18
6,6,Female,1,8,3,3
6,6,Female,1,9,20,11
6,6,Female,1,10,0,2
6,6,Female,1,11,0,0
6,6,Female,1,12,0,0
6,6,Female,1,13,0,0
6,7,Female,1,1,49,53
6,7,Female,1,2,55,60
6,7,Female,1,3,36,57
6,7,Female,1,4,34,41
6,7,Female,1,5,47,36
6,7,Female,1,6,48,64
6,7,Female,1,7,20,34
6,7,Female,1,8,32,26
6,7,Female,1,9,10,16
6,7,Female,1,10,0,0
6,7,Female,1,11,0,0
6,7,Female,1,12,0,0
6,7,Female,1,13,0,0
6,9,Female,1,1,54,63
6,9,Female,1,2,48,51
6,9,Female,1,3,48,59
6,9,Female,1,4,23,34
6,9,Female,1,5,46,67
6,9,Female,1,6,27,43
6,9,Female,1,7,33,36
6,9,Female,1,8,13,19
6,9,Female,1,9,34,16
6,9,Female,1,10,9,19
6,9,Female,1,11,20,18
6,9,Female,1,12,19,13
6,9,Female,1,13,27,35
6,10,Female,1,1,55,71
6,10,Female,1,2,57,52
6,10,Female,1,3,32,30
6,10,Female,1,4,44,54
6,10,Female,1,5,42,39
6,10,Female,1,6,0,1
6,10,Female,1,7,0,0
6,10,Female,1,8,0,0
6,10,Female,1,9,0,0
6,10,Female,1,10,0,0
6,10,Female,1,11,0,0
6,10,Female,1,12,0,0
6,10,Female,1,13,0,0
6,11,Female,2,1,10,17
6,11,Female,2,2,54,36
6,11,Female,2,3,32,35
6,11,Female,2,4,23,32
6,12,Female,2,1,1,1
6,12,Female,2,2,35,30
6,12,Female,2,3,29,27
6,12,Female,2,4,30,43
6,13,Female,2,1,0,0
6,13,Female,2,2,0,0
6,13,Female,2,3,0,0
6,13,Female,2,4,0,0
6,14,Female,2,1,10,29
6,14,Female,2,2,23,27
6,14,Female,2,3,11,15
6,14,Female,2,4,11,13
6,15,Female,2,1,21,36
6,15,Female,2,2,57,54
6,15,Female,2,3,28,32
6,15,Female,2,4,0,0
6,19,Female,2,1,19,29
6,19,Female,2,2,38,46
6,19,Female,2,3,22,30
6,19,Female,2,4,31,36
6,22,Female,2,1,13,6
6,22,Female,2,2,41,35
6,22,Female,2,3,23,28
6,22,Female,2,4,37,27
7,3,Female,1,1,55,64
7,3,Female,1,2,41,20
7,3,Female,1,3,0,0
7,3,Female,1,4,0,0
7,3,Female,1,5,0,0
7,3,Female,1,6,0,0
7,3,Female,1,7,0,0
7,3,Female,1,8,0,0
7,3,Female,1,9,0,0
7,3,Female,1,10,0,0
7,3,Female,1,11,0,0
7,3,Female,1,12,0,0
7,3,Female,1,13,0,0
7,4,Female,1,1,45,65
7,4,Female,1,2,0,0
7,4,Female,1,3,0,0
7,4,Female,1,4,0,0
7,4,Female,1,5,0,0
7,4,Female,1,6,0,0
7,4,Female,1,7,0,0
7,4,Female,1,8,0,0
7,4,Female,1,9,0,0
7,4,Female,1,10,0,0
7,4,Female,1,11,0,0
7,4,Female,1,12,0,0
7,4,Female,1,13,0,0
7,5,Female,1,1,49,46
7,5,Female,1,2,58,60
7,5,Female,1,3,0,0
7,5,Female,1,4,0,0
7,5,Female,1,5,0,0
7,5,Female,1,6,0,0
7,5,Female,1,7,0,0
7,5,Female,1,8,0,0
7,5,Female,1,9,0,0
7,5,Female,1,10,0,0
7,5,Female,1,11,0,0
7,5,Female,1,12,0,0
7,5,Female,1,13,0,0
7,6,Female,1,1,56,67
7,6,Female,1,2,31,31
7,6,Female,1,3,60,42
7,6,Female,1,4,0,0
7,6,Female,1,5,0,0
7,6,Female,1,6,0,0
7,6,Female,1,7,0,0
7,6,Female,1,8,0,0
7,6,Female,1,9,0,0
7,6,Female,1,10,0,0
7,6,Female,1,11,0,0
7,6,Female,1,12,0,0
7,6,Female,1,13,0,0
7,8,Female,1,1,23,29
7,8,Female,1,2,60,54
7,8,Female,1,3,22,17
7,8,Female,1,4,28,36
7,8,Female,1,5,0,0
7,8,Female,1,6,0,0
7,8,Female,1,7,0,0
7,8,Female,1,8,0,0
7,8,Female,1,9,0,0
7,8,Female,1,10,0,0
7,8,Female,1,11,0,0
7,8,Female,1,12,0,0
7,8,Female,1,13,0,0
7,11,Female,2,1,1,3
7,11,Female,2,2,24,25
7,11,Female,2,3,14,15
7,11,Female,2,4,17,9
7,13,Female,2,1,10,9
7,13,Female,2,2,16,15
7,13,Female,2,3,11,8
7,13,Female,2,4,0,0
7,14,Female,2,1,1,8
7,14,Female,2,2,16,15
7,14,Female,2,3,20,14
7,14,Female,2,4,2,3
7,17,Female,2,1,7,6
7,17,Female,2,2,44,56
7,17,Female,2,3,8,10
7,17,Female,2,4,2,6
7,18,Female,2,1,0,2
7,18,Female,2,2,0,0
7,18,Female,2,3,0,0
7,18,Female,2,4,0,0
7,20,Female,2,1,8,8
7,20,Female,2,2,17,11
7,20,Female,2,3,2,2
7,20,Female,2,4,5,15
8,3,Female,1,1,62,60
8,3,Female,1,2,5,8
8,3,Female,1,3,29,33
8,3,Female,1,4,20,25
8,3,Female,1,5,0,0
8,3,Female,1,6,0,0
8,3,Female,1,7,0,0
8,3,Female,1,8,0,0
8,3,Female,1,9,0,0
8,3,Female,1,10,0,0
8,3,Female,1,11,0,0
8,3,Female,1,12,0,0
8,3,Female,1,13,0,0
8,4,Female,1,1,0,0
8,4,Female,1,2,0,0
8,4,Female,1,3,0,0
8,4,Female,1,4,0,0
8,4,Female,1,5,0,0
8,4,Female,1,6,0,0
8,4,Female,1,7,0,0
8,4,Female,1,8,0,0
8,4,Female,1,9,0,0
8,4,Female,1,10,0,0
8,4,Female,1,11,0,0
8,4,Female,1,12,0,0
8,4,Female,1,13,0,0
8,7,Female,1,1,47,43
8,7,Female,1,2,9,4
8,7,Female,1,3,35,47
8,7,Female,1,4,30,25
8,7,Female,1,5,40,28
8,7,Female,1,6,48,25
8,7,Female,1,7,43,29
8,7,Female,1,8,8,4
8,7,Female,1,9,11,18
8,7,Female,1,10,2,8
8,7,Female,1,11,1,2
8,7,Female,1,12,10,15
8,7,Female,1,13,0,0
8,10,Female,1,1,45,41
8,10,Female,1,2,48,51
8,10,Female,1,3,34,46
8,10,Female,1,4,50,48
8,10,Female,1,5,41,51
8,10,Female,1,6,30,31
8,10,Female,1,7,44,46
8,10,Female,1,8,16,19
8,10,Female,1,9,4,7
8,10,Female,1,10,9,15
8,10,Female,1,11,0,0
8,10,Female,1,12,0,0
8,10,Female,1,13,0,0
8,11,Female,2,1,4,11
8,11,Female,2,2,29,41
8,11,Female,2,3,0,0
8,11,Female,2,4,0,0
8,12,Female,2,1,1,2
8,12,Female,2,2,44,55
8,12,Female,2,3,38,18
8,12,Female,2,4,23,22
8,13,Female,2,1,17,19
8,13,Female,2,2,36,36
8,13,Female,2,3,48,31
8,13,Female,2,4,49,48
8,14,Female,2,1,19,24
8,14,Female,2,2,7,10
8,14,Female,2,3,36,40
8,14,Female,2,4,27,25
8,15,Female,2,1,22,37
8,15,Female,2,2,28,49
8,15,Female,2,3,44,30
8,15,Female,2,4,28,36
8,16,Female,2,1,9,15
8,16,Female,2,2,22,26
8,16,Female,2,3,6,23
8,16,Female,2,4,0,0
8,19,Female,2,1,2,6
8,19,Female,2,2,30,32
8,19,Female,2,3,22,33
8,19,Female,2,4,26,23
9,1,Female,1,1,38,59
9,1,Female,1,2,17,24
9,1,Female,1,3,13,14
9,1,Female,1,4,8,7
9,1,Female,1,5,0,0
9,1,Female,1,6,0,0
9,1,Female,1,7,0,0
9,1,Female,1,8,0,0
9,1,Female,1,9,0,0
9,1,Female,1,10,0,0
9,1,Female,1,11,0,0
9,1,Female,1,12,0,0
9,1,Female,1,13,0,0
9,2,Female,1,1,42,65
9,2,Female,1,2,25,34
9,2,Female,1,3,37,35
9,2,Female,1,4,23,18
9,2,Female,1,5,21,27
9,2,Female,1,6,45,28
9,2,Female,1,7,18,26
9,2,Female,1,8,0,3
9,2,Female,1,9,0,0
9,2,Female,1,10,0,0
9,2,Female,1,11,0,0
9,2,Female,1,12,0,0
9,2,Female,1,13,0,0
9,4,Female,1,1,0,0
9,4,Female,1,2,0,0
9,4,Female,1,3,0,0
9,4,Female,1,4,0,0
9,4,Female,1,5,0,0
9,4,Female,1,6,0,0
9,4,Female,1,7,0,0
9,4,Female,1,8,0,0
9,4,Female,1,9,0,0
9,4,Female,1,10,0,0
9,4,Female,1,11,0,0
9,4,Female,1,12,0,0
9,4,Female,1,13,0,0
9,5,Female,1,1,51,67
9,5,Female,1,2,37,31
9,5,Female,1,3,21,27
9,5,Female,1,4,43,26
9,5,Female,1,5,18,25
9,5,Female,1,6,20,21
9,5,Female,1,7,12,9
9,5,Female,1,8,11,17
9,5,Female,1,9,8,8
9,5,Female,1,10,0,0
9,5,Female,1,11,0,0
9,5,Female,1,12,0,0
9,5,Female,1,13,0,0
9,6,Female,1,1,28,35
9,6,Female,1,2,0,0
9,6,Female,1,3,0,0
9,6,Female,1,4,0,0
9,6,Female,1,5,0,0
9,6,Female,1,6,0,0
9,6,Female,1,7,0,0
9,6,Female,1,8,0,0
9,6,Female,1,9,0,0
9,6,Female,1,10,0,0
9,6,Female,1,11,0,0
9,6,Female,1,12,0,0
9,6,Female,1,13,0,0
9,11,Female,2,1,6,3
9,11,Female,2,2,47,49
9,11,Female,2,3,11,33
9,11,Female,2,4,41,38
9,12,Female,2,1,0,0
9,12,Female,2,2,0,0
9,12,Female,2,3,0,0
9,12,Female,2,4,0,0
9,13,Female,2,1,54,49
9,13,Female,2,2,37,31
9,13,Female,2,3,32,26
9,13,Female,2,4,0,0
9,14,Female,2,1,29,33
9,14,Female,2,2,25,34
9,14,Female,2,3,16,23
9,14,Female,2,4,21,19
9,15,Female,2,1,3,11
9,15,Female,2,2,0,1
9,15,Female,2,3,0,0
9,15,Female,2,4,0,0
9,16,Female,2,1,13,22
9,16,Female,2,2,25,26
9,16,Female,2,3,13,15
9,16,Female,2,4,5,8
9,17,Female,2,1,9,17
9,17,Female,2,2,33,49
9,17,Female,2,3,23,21
9,17,Female,2,4,20,39
10,2,Female,1,1,40,44
10,2,Female,1,2,57,52
10,2,Female,1,3,0,5
10,2,Female,1,4,0,0
10,2,Female,1,5,0,0
10,2,Female,1,6,0,0
10,2,Female,1,7,0,0
10,2,Female,1,8,0,0
10,2,Female,1,9,0,0
10,2,Female,1,10,0,0
10,2,Female,1,11,0,0
10,2,Female,1,12,0,0
10,2,Female,1,13,0,0
10,3,Female,1,1,54,50
10,3,Female,1,2,52,57
10,3,Female,1,3,21,29
10,3,Female,1,4,22,23
10,3,Female,1,5,35,21
10,3,Female,1,6,0,0
10,3,Female,1,7,0,0
10,3,Female,1,8,0,0
10,3,Female,1,9,0,0
10,3,Female,1,10,0,0
10,3,Female,1,11,0,0
10,3,Female,1,12,0,0
10,3,Female,1,13,0,0
10,4,Female,1,1,41,52
10,4,Female,1,2,55,50
10,4,Female,1,3,0,0
10,4,Female,1,4,0,0
10,4,Female,1,5,0,0
10,4,Female,1,6,0,0
10,4,Female,1,7,0,0
10,4,Female,1,8,0,0
10,4,Female,1,9,0,0
10,4,Female,1,10,0,0
10,4,Female,1,11,0,0
10,4,Female,1,12,0,0
10,4,Female,1,13,0,0
10,5,Female,1,1,59,62
10,5,Female,1,2,57,65
10,5,Female,1,3,45,47
10,5,Female,1,4,26,36
10,5,Female,1,5,36,40
10,5,Female,1,6,35,35
10,5,Female,1,7,17,33
10,5,Female,1,8,17,15
10,5,Female,1,9,5,3
10,5,Female,1,10,0,0
10,5,Female,1,11,0,0
10,5,Female,1,12,0,0
10,5,Female,1,13,0,0
10,6,Female,1,1,56,41
10,6,Female,1,2,30,30
10,6,Female,1,3,25,29
10,6,Female,1,4,0,0
10,6,Female,1,5,0,0
10,6,Female,1,6,0,0
10,6,Female,1,7,0,0
10,6,Female,1,8,0,0
10,6,Female,1,9,0,0
10,6,Female,1,10,0,0
10,6,Female,1,11,0,0
10,6,Female,1,12,0,0
10,6,Female,1,13,0,0
10,12,Female,2,1,7,12
10,12,Female,2,2,22,19
10,12,Female,2,3,34,27
10,12,Female,2,4,41,38
10,13,Female,2,1,4,8
10,13,Female,2,2,43,55
10,13,Female,2,3,2,2
10,13,Female,2,4,6,2
10,14,Female,2,1,1,1
10,14,Female,2,2,42,40
10,14,Female,2,3,26,24
10,14,Female,2,4,32,21
10,15,Female,2,1,11,16
10,15,Female,2,2,35,43
10,15,Female,2,3,32,33
10,15,Female,2,4,18,18
10,16,Female,2,1,9,9
10,16,Female,2,2,35,25
10,16,Female,2,3,0,0
10,16,Female,2,4,0,0
10,18,Female,2,1,13,38
10,18,Female,2,2,22,34
10,18,Female,2,3,1,10
10,18,Female,2,4,NA,NA
10,19,Female,2,1,5,10
10,19,Female,2,2,28,33
10,19,Female,2,3,32,27
10,19,Female,2,4,27,35
11,1,Female,1,1,76,42
11,1,Female,1,2,37,25
11,1,Female,1,3,30,32
11,1,Female,1,4,12,9
11,1,Female,1,5,29,31
11,1,Female,1,6,26,14
11,1,Female,1,7,0,0
11,1,Female,1,8,0,0
11,1,Female,1,9,0,0
11,1,Female,1,10,0,0
11,1,Female,1,11,0,0
11,1,Female,1,12,0,0
11,1,Female,1,13,0,0
11,3,Female,1,1,60,52
11,3,Female,1,2,55,49
11,3,Female,1,3,12,25
11,3,Female,1,4,34,48
11,3,Female,1,5,0,0
11,3,Female,1,6,0,0
11,3,Female,1,7,0,0
11,3,Female,1,8,0,0
11,3,Female,1,9,0,0
11,3,Female,1,10,0,0
11,3,Female,1,11,0,0
11,3,Female,1,12,0,0
11,3,Female,1,13,0,0
11,4,Female,1,1,54,40
11,4,Female,1,2,36,41
11,4,Female,1,3,52,43
11,4,Female,1,4,50,36
11,4,Female,1,5,0,0
11,4,Female,1,6,0,0
11,4,Female,1,7,0,0
11,4,Female,1,8,0,0
11,4,Female,1,9,0,0
11,4,Female,1,10,0,0
11,4,Female,1,11,0,0
11,4,Female,1,12,0,0
11,4,Female,1,13,0,0
11,5,Female,1,1,57,55
11,5,Female,1,2,36,34
11,5,Female,1,3,30,38
11,5,Female,1,4,15,50
11,5,Female,1,5,38,49
11,5,Female,1,6,26,23
11,5,Female,1,7,36,40
11,5,Female,1,8,10,12
11,5,Female,1,9,11,12
11,5,Female,1,10,1,0
11,5,Female,1,11,0,0
11,5,Female,1,12,0,0
11,5,Female,1,13,0,0
11,7,Female,1,1,28,48
11,7,Female,1,2,9,14
11,7,Female,1,3,0,0
11,7,Female,1,4,0,0
11,7,Female,1,5,0,0
11,7,Female,1,6,0,0
11,7,Female,1,7,0,0
11,7,Female,1,8,0,0
11,7,Female,1,9,0,0
11,7,Female,1,10,0,0
11,7,Female,1,11,0,0
11,7,Female,1,12,0,0
11,7,Female,1,13,0,0
11,16,Female,2,1,3,0
11,16,Female,2,2,0,0
11,16,Female,2,3,0,0
11,16,Female,2,4,0,0
11,17,Female,2,1,19,27
11,17,Female,2,2,28,16
11,17,Female,2,3,36,35
11,17,Female,2,4,0,0
11,22,Female,2,1,28,42
11,22,Female,2,2,32,33
11,22,Female,2,3,27,25
11,22,Female,2,4,23,23
12,6,Female,1,1,58,54
12,6,Female,1,2,31,41
12,6,Female,1,3,33,39
12,6,Female,1,4,49,49
12,6,Female,1,5,57,52
12,6,Female,1,6,41,39
12,6,Female,1,7,21,30
12,6,Female,1,8,,3
12,6,Female,1,9,21,23
12,6,Female,1,10,0,0
12,6,Female,1,11,0,0
12,6,Female,1,12,0,0
12,6,Female,1,13,0,0
12,7,Female,1,1,65,55
12,7,Female,1,2,43,27
12,7,Female,1,3,58,41
12,7,Female,1,4,30,50
12,7,Female,1,5,24,26
12,7,Female,1,6,23,25
12,7,Female,1,7,7,6
12,7,Female,1,8,0,0
12,7,Female,1,9,0,0
12,7,Female,1,10,0,0
12,7,Female,1,11,0,0
12,7,Female,1,12,0,0
12,7,Female,1,13,0,0
12,8,Female,1,1,57,50
12,8,Female,1,2,49,48
12,8,Female,1,3,1,0
12,8,Female,1,4,0,0
12,8,Female,1,5,0,0
12,8,Female,1,6,0,0
12,8,Female,1,7,0,0
12,8,Female,1,8,0,0
12,8,Female,1,9,0,0
12,8,Female,1,10,0,0
12,8,Female,1,11,0,0
12,8,Female,1,12,0,0
12,8,Female,1,13,0,0
12,9,Female,1,1,19,19
12,9,Female,1,2,62,46
12,9,Female,1,3,22,29
12,9,Female,1,4,50,52
12,9,Female,1,5,36,50
12,9,Female,1,6,56,53
12,9,Female,1,7,21,36
12,9,Female,1,8,31,28
12,9,Female,1,9,9,9
12,9,Female,1,10,18,25
12,9,Female,1,11,17,37
12,9,Female,1,12,20,21
12,9,Female,1,13,16,28
12,11,Female,2,1,11,14
12,11,Female,2,2,43,37
12,11,Female,2,3,34,27
12,11,Female,2,4,22,26
12,12,Female,2,1,18,33
12,12,Female,2,2,41,43
12,12,Female,2,3,9,6
12,12,Female,2,4,16,21
12,13,Female,2,1,5,7
12,13,Female,2,2,45,38
12,13,Female,2,3,24,22
12,13,Female,2,4,8,11
12,14,Female,2,1,18,22
12,14,Female,2,2,25,53
12,14,Female,2,3,22,35
12,14,Female,2,4,27,29
12,18,Female,2,1,15,20
12,18,Female,2,2,25,36
12,18,Female,2,3,43,31
12,18,Female,2,4,26,24
12,19,Female,2,1,8,16
12,19,Female,2,2,22,37
12,19,Female,2,3,0,0
12,19,Female,2,4,0,0
13,1,Male,1,1,48,53
13,1,Male,1,2,48,44
13,1,Male,1,3,46,40
13,1,Male,1,4,29,34
13,1,Male,1,5,31,32
13,1,Male,1,6,34,42
13,1,Male,1,7,6,6
13,1,Male,1,8,27,24
13,1,Male,1,9,8,19
13,1,Male,1,10,18,28
13,1,Male,1,11,19,21
13,1,Male,1,12,26,38
13,1,Male,1,13,30,46
13,2,Male,1,1,42,42
13,2,Male,1,2,46,44
13,2,Male,1,3,0,0
13,2,Male,1,4,0,0
13,2,Male,1,5,0,0
13,2,Male,1,6,0,0
13,2,Male,1,7,0,0
13,2,Male,1,8,0,0
13,2,Male,1,9,0,0
13,2,Male,1,10,0,0
13,2,Male,1,11,0,0
13,2,Male,1,12,0,0
13,2,Male,1,13,0,0
13,4,Male,1,1,21,16
13,4,Male,1,2,0,0
13,4,Male,1,3,0,0
13,4,Male,1,4,0,0
13,4,Male,1,5,0,0
13,4,Male,1,6,0,0
13,4,Male,1,7,0,0
13,4,Male,1,8,0,0
13,4,Male,1,9,0,0
13,4,Male,1,10,0,0
13,4,Male,1,11,0,0
13,4,Male,1,12,0,0
13,4,Male,1,13,0,0
13,5,Male,1,1,57,55
13,5,Male,1,2,41,57
13,5,Male,1,3,41,39
13,5,Male,1,4,32,48
13,5,Male,1,5,19,27
13,5,Male,1,6,29,41
13,5,Male,1,7,29,27
13,5,Male,1,8,0,0
13,5,Male,1,9,0,0
13,5,Male,1,10,0,0
13,5,Male,1,11,0,0
13,5,Male,1,12,0,0
13,5,Male,1,13,0,0
13,11,Male,2,1,5,10
13,11,Male,2,2,25,24
13,11,Male,2,3,24,22
13,11,Male,2,4,12,24
13,13,Male,2,1,16,22
13,13,Male,2,2,35,42
13,13,Male,2,3,16,38
13,13,Male,2,4,34,34
13,15,Male,2,1,49,48
13,15,Male,2,2,41,41
13,15,Male,2,3,40,41
13,15,Male,2,4,6,6
13,16,Male,2,1,3,4
13,16,Male,2,2,5,4
13,16,Male,2,3,36,36
13,16,Male,2,4,36,38
13,18,Male,2,1,10,12
13,18,Male,2,2,30,32
13,18,Male,2,3,37,30
13,18,Male,2,4,34,27
13,21,Male,2,1,14,21
13,21,Male,2,2,43,50
13,21,Male,2,3,41,37
13,21,Male,2,4,36,39
13,22,Male,2,1,5,7
13,22,Male,2,2,37,32
13,22,Male,2,3,24,22
13,22,Male,2,4,39,32
14,2,Male,1,1,48,39
14,2,Male,1,2,51,54
14,2,Male,1,3,25,25
14,2,Male,1,4,37,56
14,2,Male,1,5,49,61
14,2,Male,1,6,45,41
14,2,Male,1,7,35,56
14,2,Male,1,8,11,15
14,2,Male,1,9,33,24
14,2,Male,1,10,4,4
14,2,Male,1,11,1,0
14,2,Male,1,12,0,0
14,2,Male,1,13,0,0
14,3,Male,1,1,43,18
14,3,Male,1,2,42,33
14,3,Male,1,3,10,16
14,3,Male,1,4,42,34
14,3,Male,1,5,54,48
14,3,Male,1,6,37,34
14,3,Male,1,7,28,35
14,3,Male,1,8,25,21
14,3,Male,1,9,21,22
14,3,Male,1,10,13,15
14,3,Male,1,11,17,19
14,3,Male,1,12,20,24
14,3,Male,1,13,29,32
14,5,Male,1,1,42,46
14,5,Male,1,2,66,51
14,5,Male,1,3,38,56
14,5,Male,1,4,16,25
14,5,Male,1,5,40,43
14,5,Male,1,6,28,23
14,5,Male,1,7,5,8
14,5,Male,1,8,33,42
14,5,Male,1,9,23,22
14,5,Male,1,10,4,11
14,5,Male,1,11,19,29
14,5,Male,1,12,13,20
14,5,Male,1,13,13,15
14,6,Male,1,1,35,42
14,6,Male,1,2,43,38
14,6,Male,1,3,37,46
14,6,Male,1,4,0,0
14,6,Male,1,5,0,0
14,6,Male,1,6,0,0
14,6,Male,1,7,0,0
14,6,Male,1,8,0,0
14,6,Male,1,9,0,0
14,6,Male,1,10,0,0
14,6,Male,1,11,0,0
14,6,Male,1,12,0,0
14,6,Male,1,13,0,0
14,7,Male,1,1,56,47
14,7,Male,1,2,37,41
14,7,Male,1,3,0,0
14,7,Male,1,4,0,0
14,7,Male,1,5,0,0
14,7,Male,1,6,0,0
14,7,Male,1,7,0,0
14,7,Male,1,8,0,0
14,7,Male,1,9,0,0
14,7,Male,1,10,0,0
14,7,Male,1,11,0,0
14,7,Male,1,12,0,0
14,7,Male,1,13,0,0
14,12,Male,2,1,10,19
14,12,Male,2,2,33,39
14,12,Male,2,3,33,26
14,12,Male,2,4,40,32
14,13,Male,2,1,1,6
14,13,Male,2,2,31,28
14,13,Male,2,3,23,18
14,13,Male,2,4,25,15
14,14,Male,2,1,8,5
14,14,Male,2,2,24,33
14,14,Male,2,3,14,20
14,14,Male,2,4,17,31
14,18,Male,2,1,15,9
14,18,Male,2,2,39,50
14,18,Male,2,3,27,47
14,18,Male,2,4,22,33
14,19,Male,2,1,14,11
14,19,Male,2,2,44,47
14,19,Male,2,3,25,30
14,19,Male,2,4,17,15
14,20,Male,2,1,16,24
14,20,Male,2,2,41,30
14,20,Male,2,3,14,28
14,20,Male,2,4,29,34
14,21,Male,2,1,7,24
14,21,Male,2,2,0,0
14,21,Male,2,3,0,0
14,21,Male,2,4,0,0
15,1,Male,1,1,62,52
15,1,Male,1,2,35,39
15,1,Male,1,3,25,30
15,1,Male,1,4,23,32
15,1,Male,1,5,22,31
15,1,Male,1,6,42,38
15,1,Male,1,7,30,38
15,1,Male,1,8,39,34
15,1,Male,1,9,24,29
15,1,Male,1,10,0,0
15,1,Male,1,11,0,0
15,1,Male,1,12,0,0
15,1,Male,1,13,0,0
15,2,Male,1,1,46,33
15,2,Male,1,2,21,31
15,2,Male,1,3,0,1
15,2,Male,1,4,0,0
15,2,Male,1,5,0,0
15,2,Male,1,6,0,0
15,2,Male,1,7,0,0
15,2,Male,1,8,0,0
15,2,Male,1,9,0,0
15,2,Male,1,10,0,0
15,2,Male,1,11,0,0
15,2,Male,1,12,0,0
15,2,Male,1,13,0,0
15,3,Male,1,1,54,65
15,3,Male,1,2,35,27
15,3,Male,1,3,33,35
15,3,Male,1,4,20,35
15,3,Male,1,5,49,42
15,3,Male,1,6,25,21
15,3,Male,1,7,23,23
15,3,Male,1,8,22,25
15,3,Male,1,9,7,2
15,3,Male,1,10,4,3
15,3,Male,1,11,13,15
15,3,Male,1,12,13,14
15,3,Male,1,13,16,21
15,4,Male,1,1,44,65
15,4,Male,1,2,54,65
15,4,Male,1,3,0,0
15,4,Male,1,4,0,0
15,4,Male,1,5,0,0
15,4,Male,1,6,0,0
15,4,Male,1,7,0,0
15,4,Male,1,8,0,0
15,4,Male,1,9,0,0
15,4,Male,1,10,0,0
15,4,Male,1,11,0,0
15,4,Male,1,12,0,0
15,4,Male,1,13,0,0
15,5,Male,1,1,72,55
15,5,Male,1,2,54,40
15,5,Male,1,3,72,56
15,5,Male,1,4,49,42
15,5,Male,1,5,0,0
15,5,Male,1,6,0,0
15,5,Male,1,7,0,0
15,5,Male,1,8,0,0
15,5,Male,1,9,0,0
15,5,Male,1,10,0,0
15,5,Male,1,11,0,0
15,5,Male,1,12,0,0
15,5,Male,1,13,0,0
15,11,Male,2,1,2,2
15,11,Male,2,2,13,19
15,11,Male,2,3,4,6
15,11,Male,2,4,18,30
15,12,Male,2,1,13,16
15,12,Male,2,2,20,27
15,12,Male,2,3,0,0
15,12,Male,2,4,0,0
15,13,Male,2,1,5,12
15,13,Male,2,2,32,41
15,13,Male,2,3,23,21
15,13,Male,2,4,15,22
15,15,Male,2,1,5,18
15,15,Male,2,2,14,18
15,15,Male,2,3,5,5
15,15,Male,2,4,0,0
15,16,Male,2,1,10,9
15,16,Male,2,2,0,0
15,16,Male,2,3,0,0
15,16,Male,2,4,0,0
15,17,Male,2,1,17,19
15,17,Male,2,2,15,30
15,17,Male,2,3,22,32
15,17,Male,2,4,19,32
15,19,Male,2,1,16,16
15,19,Male,2,2,26,21
15,19,Male,2,3,21,24
15,19,Male,2,4,24,28
16,1,Male,1,1,56,69
16,1,Male,1,2,60,42
16,1,Male,1,3,36,42
16,1,Male,1,4,0,0
16,1,Male,1,5,0,0
16,1,Male,1,6,0,0
16,1,Male,1,7,0,0
16,1,Male,1,8,0,0
16,1,Male,1,9,0,0
16,1,Male,1,10,0,0
16,1,Male,1,11,0,0
16,1,Male,1,12,0,0
16,1,Male,1,13,0,0
16,2,Male,1,1,40,66
16,2,Male,1,2,60,73
16,2,Male,1,3,26,38
16,2,Male,1,4,19,14
16,2,Male,1,5,18,24
16,2,Male,1,6,49,50
16,2,Male,1,7,27,31
16,2,Male,1,8,10,21
16,2,Male,1,9,23,25
16,2,Male,1,10,4,11
16,2,Male,1,11,0,0
16,2,Male,1,12,0,0
16,2,Male,1,13,0,0
16,3,Male,1,1,38,48
16,3,Male,1,2,57,43
16,3,Male,1,3,26,33
16,3,Male,1,4,30,39
16,3,Male,1,5,50,41
16,3,Male,1,6,19,29
16,3,Male,1,7,16,29
16,3,Male,1,8,20,17
16,3,Male,1,9,0,0
16,3,Male,1,10,0,0
16,3,Male,1,11,0,0
16,3,Male,1,12,0,0
16,3,Male,1,13,0,0
16,4,Male,1,1,34,49
16,4,Male,1,2,22,30
16,4,Male,1,3,33,54
16,4,Male,1,4,0,1
16,4,Male,1,5,0,0
16,4,Male,1,6,0,0
16,4,Male,1,7,0,0
16,4,Male,1,8,0,0
16,4,Male,1,9,0,0
16,4,Male,1,10,0,0
16,4,Male,1,11,0,0
16,4,Male,1,12,0,0
16,4,Male,1,13,0,0
16,5,Male,1,1,48,53
16,5,Male,1,2,36,32
16,5,Male,1,3,33,29
16,5,Male,1,4,36,39
16,5,Male,1,5,34,24
16,5,Male,1,6,22,19
16,5,Male,1,7,17,17
16,5,Male,1,8,14,18
16,5,Male,1,9,4,7
16,5,Male,1,10,10,13
16,5,Male,1,11,10,13
16,5,Male,1,12,0,0
16,5,Male,1,13,0,0
16,7,Male,1,1,74,68
16,7,Male,1,2,27,33
16,7,Male,1,3,29,37
16,7,Male,1,4,11,17
16,7,Male,1,5,47,40
16,7,Male,1,6,3,2
16,7,Male,1,7,4,2
16,7,Male,1,8,0,0
16,7,Male,1,9,0,0
16,7,Male,1,10,0,0
16,7,Male,1,11,0,0
16,7,Male,1,12,0,0
16,7,Male,1,13,0,0
16,13,Male,2,1,20,23
16,13,Male,2,2,39,46
16,13,Male,2,3,22,35
16,13,Male,2,4,29,31
16,14,Male,2,1,27,30
16,14,Male,2,2,11,19
16,14,Male,2,3,18,25
16,14,Male,2,4,18,14
16,17,Male,2,1,1,7
16,17,Male,2,2,27,39
16,17,Male,2,3,24,22
16,17,Male,2,4,22,28
16,18,Male,2,1,31,39
16,18,Male,2,2,28,48
16,18,Male,2,3,42,32
16,18,Male,2,4,13,17
16,19,Male,2,1,16,33
16,19,Male,2,2,22,28
16,19,Male,2,3,16,26
16,19,Male,2,4,43,43
16,20,Male,2,1,4,6
16,20,Male,2,2,41,39
16,20,Male,2,3,34,25
16,20,Male,2,4,43,23
16,22,Male,2,1,38,31
16,22,Male,2,2,20,29
16,22,Male,2,3,19,25
16,22,Male,2,4,26,37
17,1,Male,1,1,28,25
17,1,Male,1,2,13,17
17,1,Male,1,3,0,0
17,1,Male,1,4,0,0
17,1,Male,1,5,0,0
17,1,Male,1,6,0,0
17,1,Male,1,7,0,0
17,1,Male,1,8,0,0
17,1,Male,1,9,0,0
17,1,Male,1,10,0,0
17,1,Male,1,11,0,0
17,1,Male,1,12,0,0
17,1,Male,1,13,0,0
17,3,Male,1,1,61,56
17,3,Male,1,2,37,34
17,3,Male,1,3,36,42
17,3,Male,1,4,39,35
17,3,Male,1,5,52,34
17,3,Male,1,6,36,39
17,3,Male,1,7,36,19
17,3,Male,1,8,39,33
17,3,Male,1,9,14,13
17,3,Male,1,10,10,15
17,3,Male,1,11,16,17
17,3,Male,1,12,10,18
17,3,Male,1,13,0,0
17,4,Male,1,1,57,69
17,4,Male,1,2,49,38
17,4,Male,1,3,41,41
17,4,Male,1,4,15,18
17,4,Male,1,5,1,1
17,4,Male,1,6,0,0
17,4,Male,1,7,0,0
17,4,Male,1,8,0,0
17,4,Male,1,9,0,0
17,4,Male,1,10,0,0
17,4,Male,1,11,0,0
17,4,Male,1,12,0,0
17,4,Male,1,13,0,0
17,5,Male,1,1,61,73
17,5,Male,1,2,52,44
17,5,Male,1,3,49,54
17,5,Male,1,4,53,55
17,5,Male,1,5,18,13
17,5,Male,1,6,53,46
17,5,Male,1,7,0,0
17,5,Male,1,8,0,0
17,5,Male,1,9,0,0
17,5,Male,1,10,0,0
17,5,Male,1,11,0,0
17,5,Male,1,12,0,0
17,5,Male,1,13,0,0
17,6,Male,1,1,0,0
17,6,Male,1,2,0,0
17,6,Male,1,3,0,0
17,6,Male,1,4,0,0
17,6,Male,1,5,0,0
17,6,Male,1,6,0,0
17,6,Male,1,7,0,0
17,6,Male,1,8,0,0
17,6,Male,1,9,0,0
17,6,Male,1,10,0,0
17,6,Male,1,11,0,0
17,6,Male,1,12,0,0
17,6,Male,1,13,0,0
17,11,Male,2,1,3,8
17,11,Male,2,2,36,47
17,11,Male,2,3,33,29
17,11,Male,2,4,30,4
17,13,Male,2,1,16,16
17,13,Male,2,2,38,39
17,13,Male,2,3,0,0
17,13,Male,2,4,0,0
17,15,Male,2,1,30,32
17,15,Male,2,2,29,36
17,15,Male,2,3,25,15
17,15,Male,2,4,1,3
17,16,Male,2,1,17,27
17,16,Male,2,2,36,56
17,16,Male,2,3,26,27
17,16,Male,2,4,13,21
17,17,Male,2,1,44,51
17,17,Male,2,2,44,41
17,17,Male,2,3,43,40
17,17,Male,2,4,25,16
17,19,Male,2,1,16,18
17,19,Male,2,2,25,36
17,19,Male,2,3,20,20
17,19,Male,2,4,27,19
17,21,Male,2,1,17,25
17,21,Male,2,2,25,33
17,21,Male,2,3,5,5
17,21,Male,2,4,0,0
18,2,Male,1,1,54,64
18,2,Male,1,2,54,41
18,2,Male,1,3,41,59
18,2,Male,1,4,16,17
18,2,Male,1,5,17,25
18,2,Male,1,6,9,14
18,2,Male,1,7,44,38
18,2,Male,1,8,9,13
18,2,Male,1,9,21,17
18,2,Male,1,10,7,12
18,2,Male,1,11,1,2
18,2,Male,1,12,0,0
18,2,Male,1,13,0,0
18,3,Male,1,1,69,65
18,3,Male,1,2,57,58
18,3,Male,1,3,59,48
18,3,Male,1,4,51,39
18,3,Male,1,5,17,18
18,3,Male,1,6,10,13
18,3,Male,1,7,23,37
18,3,Male,1,8,1,0
18,3,Male,1,9,0,0
18,3,Male,1,10,0,0
18,3,Male,1,11,0,0
18,3,Male,1,12,0,0
18,3,Male,1,13,0,0
18,4,Male,1,1,40,43
18,4,Male,1,2,47,50
18,4,Male,1,3,0,0
18,4,Male,1,4,0,0
18,4,Male,1,5,0,0
18,4,Male,1,6,0,0
18,4,Male,1,7,0,0
18,4,Male,1,8,0,0
18,4,Male,1,9,0,0
18,4,Male,1,10,0,0
18,4,Male,1,11,0,0
18,4,Male,1,12,0,0
18,4,Male,1,13,0,0
18,6,Male,1,1,59,62
18,6,Male,1,2,42,50
18,6,Male,1,3,40,40
18,6,Male,1,4,15,10
18,6,Male,1,5,1,1
18,6,Male,1,6,0,2
18,6,Male,1,7,0,0
18,6,Male,1,8,0,0
18,6,Male,1,9,0,0
18,6,Male,1,10,0,0
18,6,Male,1,11,0,0
18,6,Male,1,12,0,0
18,6,Male,1,13,0,0
18,7,Male,1,1,48,49
18,7,Male,1,2,37,42
18,7,Male,1,3,36,48
18,7,Male,1,4,24,16
18,7,Male,1,5,31,33
18,7,Male,1,6,20,18
18,7,Male,1,7,3,2
18,7,Male,1,8,9,7
18,7,Male,1,9,9,10
18,7,Male,1,10,0,1
18,7,Male,1,11,0,0
18,7,Male,1,12,0,0
18,7,Male,1,13,0,0
18,11,Male,2,1,26,33
18,11,Male,2,2,2,8
18,11,Male,2,3,24,19
18,11,Male,2,4,22,33
18,12,Male,2,1,11,12
18,12,Male,2,2,0,0
18,12,Male,2,3,0,0
18,12,Male,2,4,0,0
18,13,Male,2,1,17,28
18,13,Male,2,2,30,38
18,13,Male,2,3,0,0
18,13,Male,2,4,0,0
18,15,Male,2,1,6,9
18,15,Male,2,2,27,32
18,15,Male,2,3,25,24
18,15,Male,2,4,37,35
18,16,Male,2,1,34,41
18,16,Male,2,2,35,34
18,16,Male,2,3,14,21
18,16,Male,2,4,46,39
18,18,Male,2,1,14,29
18,18,Male,2,2,20,27
18,18,Male,2,3,8,15
18,18,Male,2,4,3,9
18,19,Male,2,1,14,28
18,19,Male,2,2,8,20
18,19,Male,2,3,1,1
18,19,Male,2,4,46,37
19,1,Male,1,1,35,55
19,1,Male,1,2,39,38
19,1,Male,1,3,37,33
19,1,Male,1,4,43,48
19,1,Male,1,5,40,44
19,1,Male,1,6,23,29
19,1,Male,1,7,32,29
19,1,Male,1,8,2,2
19,1,Male,1,9,4,8
19,1,Male,1,10,16,8
19,1,Male,1,11,14,16
19,1,Male,1,12,6,12
19,1,Male,1,13,16,23
19,3,Male,1,1,62,57
19,3,Male,1,2,43,23
19,3,Male,1,3,52,34
19,3,Male,1,4,29,38
19,3,Male,1,5,50,39
19,3,Male,1,6,11,13
19,3,Male,1,7,27,31
19,3,Male,1,8,16,21
19,3,Male,1,9,11,20
19,3,Male,1,10,0,0
19,3,Male,1,11,0,0
19,3,Male,1,12,0,0
19,3,Male,1,13,0,0
19,5,Male,1,1,40,43
19,5,Male,1,2,37,35
19,5,Male,1,3,38,42
19,5,Male,1,4,21,39
19,5,Male,1,5,57,35
19,5,Male,1,6,14,27
19,5,Male,1,7,23,18
19,5,Male,1,8,11,17
19,5,Male,1,9,5,12
19,5,Male,1,10,1,1
19,5,Male,1,11,0,0
19,5,Male,1,12,0,0
19,5,Male,1,13,0,0
19,6,Male,1,1,28,62
19,6,Male,1,2,39,33
19,6,Male,1,3,33,48
19,6,Male,1,4,29,37
19,6,Male,1,5,39,50
19,6,Male,1,6,35,39
19,6,Male,1,7,30,29
19,6,Male,1,8,9,17
19,6,Male,1,9,7,14
19,6,Male,1,10,1,0
19,6,Male,1,11,0,0
19,6,Male,1,12,0,0
19,6,Male,1,13,0,0
19,8,Male,1,1,25,33
19,8,Male,1,2,34,37
19,8,Male,1,3,31,43
19,8,Male,1,4,15,21
19,8,Male,1,5,32,53
19,8,Male,1,6,28,24
19,8,Male,1,7,24,36
19,8,Male,1,8,12,14
19,8,Male,1,9,0,0
19,8,Male,1,10,0,0
19,8,Male,1,11,0,0
19,8,Male,1,12,0,0
19,8,Male,1,13,0,0
19,11,Male,2,1,8,20
19,11,Male,2,2,0,6
19,11,Male,2,3,0,0
19,11,Male,2,4,0,0
19,12,Male,2,1,1,0
19,12,Male,2,2,0,0
19,12,Male,2,3,0,0
19,12,Male,2,4,0,0
19,16,Male,2,1,10,16
19,16,Male,2,2,28,36
19,16,Male,2,3,6,11
19,16,Male,2,4,24,26
19,17,Male,2,1,4,8
19,17,Male,2,2,24,26
19,17,Male,2,3,20,17
19,17,Male,2,4,35,28
19,18,Male,2,1,2,1
19,18,Male,2,2,38,36
19,18,Male,2,3,22,10
19,18,Male,2,4,18,33
19,19,Male,2,1,4,12
19,19,Male,2,2,14,16
19,19,Male,2,3,0,0
19,19,Male,2,4,0,0
20,2,Male,1,1,65,49
20,2,Male,1,2,26,35
20,2,Male,1,3,0,0
20,2,Male,1,4,0,0
20,2,Male,1,5,0,0
20,2,Male,1,6,0,0
20,2,Male,1,7,0,0
20,2,Male,1,8,0,0
20,2,Male,1,9,0,0
20,2,Male,1,10,0,0
20,2,Male,1,11,0,0
20,2,Male,1,12,0,0
20,2,Male,1,13,0,0
20,4,Male,1,1,23,25
20,4,Male,1,2,0,1
20,4,Male,1,3,0,0
20,4,Male,1,4,0,0
20,4,Male,1,5,0,0
20,4,Male,1,6,0,0
20,4,Male,1,7,0,0
20,4,Male,1,8,0,0
20,4,Male,1,9,0,0
20,4,Male,1,10,0,0
20,4,Male,1,11,0,0
20,4,Male,1,12,0,0
20,4,Male,1,13,0,0
20,5,Male,1,1,39,47
20,5,Male,1,2,42,29
20,5,Male,1,3,31,23
20,5,Male,1,4,3,6
20,5,Male,1,5,0,0
20,5,Male,1,6,0,0
20,5,Male,1,7,0,0
20,5,Male,1,8,0,0
20,5,Male,1,9,0,0
20,5,Male,1,10,0,0
20,5,Male,1,11,0,0
20,5,Male,1,12,0,0
20,5,Male,1,13,0,0
20,6,Male,1,1,36,51
20,6,Male,1,2,38,45
20,6,Male,1,3,1,8
20,6,Male,1,4,31,18
20,6,Male,1,5,8,14
20,6,Male,1,6,4,9
20,6,Male,1,7,10,23
20,6,Male,1,8,2,4
20,6,Male,1,9,9,10
20,6,Male,1,10,0,0
20,6,Male,1,11,0,0
20,6,Male,1,12,0,0
20,6,Male,1,13,0,0
20,7,Male,1,1,0,0
20,7,Male,1,2,0,0
20,7,Male,1,3,0,0
20,7,Male,1,4,0,0
20,7,Male,1,5,0,0
20,7,Male,1,6,0,0
20,7,Male,1,7,0,0
20,7,Male,1,8,0,0
20,7,Male,1,9,0,0
20,7,Male,1,10,0,0
20,7,Male,1,11,0,0
20,7,Male,1,12,0,0
20,7,Male,1,13,0,0
20,13,Male,2,1,25,48
20,13,Male,2,2,24,35
20,13,Male,2,3,8,22
20,13,Male,2,4,29,32
20,14,Male,2,1,11,16
20,14,Male,2,2,19,29
20,14,Male,2,3,3,9
20,14,Male,2,4,19,28
20,15,Male,2,1,1,16
20,15,Male,2,2,25,24
20,15,Male,2,3,20,28
20,15,Male,2,4,NA,NA
20,16,Male,2,1,2,5
20,16,Male,2,2,22,21
20,16,Male,2,3,20,22
20,16,Male,2,4,2,1
20,17,Male,2,1,0,2
20,17,Male,2,2,0,0
20,17,Male,2,3,0,0
20,17,Male,2,4,0,0
20,18,Male,2,1,17,29
20,18,Male,2,2,34,36
20,18,Male,2,3,23,30
20,18,Male,2,4,34,38
20,19,Male,2,1,3,13
20,19,Male,2,2,24,27
20,19,Male,2,3,NA,NA
20,19,Male,2,4,NA,NA
21,1,Male,1,1,54,57
21,1,Male,1,2,39,60
21,1,Male,1,3,26,34
21,1,Male,1,4,28,23
21,1,Male,1,5,47,41
21,1,Male,1,6,24,25
21,1,Male,1,7,31,31
21,1,Male,1,8,33,29
21,1,Male,1,9,31,40
21,1,Male,1,10,0,0
21,1,Male,1,11,0,0
21,1,Male,1,12,0,0
21,1,Male,1,13,0,0
21,2,Male,1,1,27,35
21,2,Male,1,2,41,45
21,2,Male,1,3,0,0
21,2,Male,1,4,0,0
21,2,Male,1,5,0,0
21,2,Male,1,6,0,0
21,2,Male,1,7,0,0
21,2,Male,1,8,0,0
21,2,Male,1,9,0,0
21,2,Male,1,10,0,0
21,2,Male,1,11,0,0
21,2,Male,1,12,0,0
21,2,Male,1,13,0,0
21,3,Male,1,1,37,28
21,3,Male,1,2,27,33
21,3,Male,1,3,30,40
21,3,Male,1,4,13,20
21,3,Male,1,5,17,22
21,3,Male,1,6,23,24
21,3,Male,1,7,23,15
21,3,Male,1,8,18,31
21,3,Male,1,9,7,10
21,3,Male,1,10,11,30
21,3,Male,1,11,29,16
21,3,Male,1,12,9,14
21,3,Male,1,13,0,0
21,5,Male,1,1,54,51
21,5,Male,1,2,32,32
21,5,Male,1,3,24,31
21,5,Male,1,4,14,10
21,5,Male,1,5,8,5
21,5,Male,1,6,23,13
21,5,Male,1,7,1,0
21,5,Male,1,8,0,0
21,5,Male,1,9,0,0
21,5,Male,1,10,0,0
21,5,Male,1,11,0,0
21,5,Male,1,12,0,0
21,5,Male,1,13,0,0
21,7,Male,1,1,58,62
21,7,Male,1,2,40,41
21,7,Male,1,3,44,36
21,7,Male,1,4,0,0
21,7,Male,1,5,0,0
21,7,Male,1,6,0,0
21,7,Male,1,7,0,0
21,7,Male,1,8,0,0
21,7,Male,1,9,0,0
21,7,Male,1,10,0,0
21,7,Male,1,11,0,0
21,7,Male,1,12,0,0
21,7,Male,1,13,0,0
21,15,Male,2,1,26,14
21,15,Male,2,2,31,28
21,15,Male,2,3,23,23
21,15,Male,2,4,35,40
21,16,Male,2,1,34,34
21,16,Male,2,2,38,32
21,16,Male,2,3,22,25
21,16,Male,2,4,23,14
21,17,Male,2,1,7,15
21,17,Male,2,2,32,41
21,17,Male,2,3,0,0
21,17,Male,2,4,0,0
21,20,Male,2,1,31,30
21,20,Male,2,2,28,34
21,20,Male,2,3,23,35
21,20,Male,2,4,34,42
21,21,Male,2,1,14,13
21,21,Male,2,2,13,14
21,21,Male,2,3,7,18
21,21,Male,2,4,19,22
21,22,Male,2,1,1,4
21,22,Male,2,2,12,16
21,22,Male,2,3,5,4
21,22,Male,2,4,35,19
22,3,Male,1,1,43,42
22,3,Male,1,2,51,50
22,3,Male,1,3,3,13
22,3,Male,1,4,22,24
22,3,Male,1,5,0,0
22,3,Male,1,6,0,0
22,3,Male,1,7,0,0
22,3,Male,1,8,0,0
22,3,Male,1,9,0,0
22,3,Male,1,10,0,0
22,3,Male,1,11,0,0
22,3,Male,1,12,0,0
22,3,Male,1,13,0,0
22,6,Male,1,1,58,59
22,6,Male,1,2,37,54
22,6,Male,1,3,12,30
22,6,Male,1,4,25,26
22,6,Male,1,5,41,41
22,6,Male,1,6,35,42
22,6,Male,1,7,23,18
22,6,Male,1,8,10,13
22,6,Male,1,9,5,5
22,6,Male,1,10,11,6
22,6,Male,1,11,1,1
22,6,Male,1,12,0,0
22,6,Male,1,13,11,15
22,8,Male,1,1,56,47
22,8,Male,1,2,61,71
22,8,Male,1,3,41,36
22,8,Male,1,4,0,0
22,8,Male,1,5,0,0
22,8,Male,1,6,0,0
22,8,Male,1,7,0,0
22,8,Male,1,8,0,0
22,8,Male,1,9,0,0
22,8,Male,1,10,0,0
22,8,Male,1,11,0,0
22,8,Male,1,12,0,0
22,8,Male,1,13,0,0
22,9,Male,1,1,61,42
22,9,Male,1,2,39,49
22,9,Male,1,3,43,46
22,9,Male,1,4,16,13
22,9,Male,1,5,59,43
22,9,Male,1,6,33,29
22,9,Male,1,7,10,22
22,9,Male,1,8,5,4
22,9,Male,1,9,0,0
22,9,Male,1,10,0,0
22,9,Male,1,11,0,0
22,9,Male,1,12,0,0
22,9,Male,1,13,0,0
22,11,Male,2,1,5,5
22,11,Male,2,2,43,51
22,11,Male,2,3,20,26
22,11,Male,2,4,19,16
22,12,Male,2,1,1,3
22,12,Male,2,2,23,17
22,12,Male,2,3,0,0
22,12,Male,2,4,0,0
22,13,Male,2,1,3,10
22,13,Male,2,2,33,42
22,13,Male,2,3,21,32
22,13,Male,2,4,39,35
22,14,Male,2,1,0,0
22,14,Male,2,2,0,0
22,14,Male,2,3,0,0
22,14,Male,2,4,0,0
22,15,Male,2,1,7,12
22,15,Male,2,2,32,46
22,15,Male,2,3,31,35
22,15,Male,2,4,21,26
22,17,Male,2,1,14,14
22,17,Male,2,2,22,32
22,17,Male,2,3,29,32
22,17,Male,2,4,26,37
22,18,Male,2,1,13,10
22,18,Male,2,2,30,31
22,18,Male,2,3,32,24
22,18,Male,2,4,39,26
23,1,Male,1,1,20,32
23,1,Male,1,2,4,10
23,1,Male,1,3,43,40
23,1,Male,1,4,18,31
23,1,Male,1,5,23,37
23,1,Male,1,6,15,26
23,1,Male,1,7,5,14
23,1,Male,1,8,7,10
23,1,Male,1,9,4,5
23,1,Male,1,10,6,1
23,1,Male,1,11,7,10
23,1,Male,1,12,0,0
23,1,Male,1,13,0,0
23,2,Male,1,1,41,63
23,2,Male,1,2,44,47
23,2,Male,1,3,51,55
23,2,Male,1,4,29,30
23,2,Male,1,5,31,31
23,2,Male,1,6,35,32
23,2,Male,1,7,21,26
23,2,Male,1,8,5,8
23,2,Male,1,9,11,11
23,2,Male,1,10,0,0
23,2,Male,1,11,0,0
23,2,Male,1,12,0,0
23,2,Male,1,13,0,0
23,3,Male,1,1,43,55
23,3,Male,1,2,37,30
23,3,Male,1,3,34,49
23,3,Male,1,4,19,40
23,3,Male,1,5,29,36
23,3,Male,1,6,31,41
23,3,Male,1,7,12,17
23,3,Male,1,8,6,15
23,3,Male,1,9,0,0
23,3,Male,1,10,0,0
23,3,Male,1,11,0,0
23,3,Male,1,12,0,0
23,3,Male,1,13,0,0
23,4,Male,1,1,37,29
23,4,Male,1,2,15,24
23,4,Male,1,3,31,38
23,4,Male,1,4,18,17
23,4,Male,1,5,10,21
23,4,Male,1,6,9,13
23,4,Male,1,7,0,0
23,4,Male,1,8,0,0
23,4,Male,1,9,0,0
23,4,Male,1,10,0,0
23,4,Male,1,11,0,0
23,4,Male,1,12,0,0
23,4,Male,1,13,0,0
23,5,Male,1,1,53,52
23,5,Male,1,2,35,38
23,5,Male,1,3,7,22
23,5,Male,1,4,14,21
23,5,Male,1,5,7,11
23,5,Male,1,6,7,8
23,5,Male,1,7,24,28
23,5,Male,1,8,0,3
23,5,Male,1,9,0,0
23,5,Male,1,10,0,0
23,5,Male,1,11,0,0
23,5,Male,1,12,0,0
23,5,Male,1,13,0,0
23,11,Male,2,1,4,20
23,11,Male,2,2,24,17
23,11,Male,2,3,21,21
23,11,Male,2,4,19,27
23,15,Male,2,1,16,33
23,15,Male,2,2,16,27
23,15,Male,2,3,18,13
23,15,Male,2,4,12,14
23,17,Male,2,1,NA,NA
23,17,Male,2,2,0,0
23,17,Male,2,3,0,0
23,17,Male,2,4,0,0
23,18,Male,2,1,37,48
23,18,Male,2,2,7,13
23,18,Male,2,3,13,11
23,18,Male,2,4,8,17
23,20,Male,2,1,22,39
23,20,Male,2,2,0,0
23,20,Male,2,3,0,0
23,20,Male,2,4,0,0
23,22,Male,2,1,23,40
23,22,Male,2,2,20,18
23,22,Male,2,3,19,18
23,22,Male,2,4,7,9
24,1,Male,1,1,51,67
24,1,Male,1,2,0,0
24,1,Male,1,3,0,0
24,1,Male,1,4,0,0
24,1,Male,1,5,0,0
24,1,Male,1,6,0,0
24,1,Male,1,7,0,0
24,1,Male,1,8,0,0
24,1,Male,1,9,0,0
24,1,Male,1,10,0,0
24,1,Male,1,11,0,0
24,1,Male,1,12,0,0
24,1,Male,1,13,0,0
24,2,Male,1,1,37,43
24,2,Male,1,2,37,36
24,2,Male,1,3,30,42
24,2,Male,1,4,23,22
24,2,Male,1,5,18,35
24,2,Male,1,6,7,15
24,2,Male,1,7,24,36
24,2,Male,1,8,22,39
24,2,Male,1,9,22,12
24,2,Male,1,10,0,0
24,2,Male,1,11,0,0
24,2,Male,1,12,0,0
24,2,Male,1,13,0,0
24,4,Male,1,1,40,47
24,4,Male,1,2,35,30
24,4,Male,1,3,0,0
24,4,Male,1,4,0,0
24,4,Male,1,5,0,0
24,4,Male,1,6,0,0
24,4,Male,1,7,0,0
24,4,Male,1,8,0,0
24,4,Male,1,9,0,0
24,4,Male,1,10,0,0
24,4,Male,1,11,0,0
24,4,Male,1,12,0,0
24,4,Male,1,13,0,0
24,6,Male,1,1,35,54
24,6,Male,1,2,60,33
24,6,Male,1,3,42,41
24,6,Male,1,4,4,4
24,6,Male,1,5,30,20
24,6,Male,1,6,24,24
24,6,Male,1,7,0,0
24,6,Male,1,8,0,0
24,6,Male,1,9,0,0
24,6,Male,1,10,0,0
24,6,Male,1,11,0,0
24,6,Male,1,12,0,0
24,6,Male,1,13,0,0
24,8,Male,1,1,43,60
24,8,Male,1,2,NA,NA
24,8,Male,1,3,0,0
24,8,Male,1,4,NA,NA
24,8,Male,1,5,0,0
24,8,Male,1,6,0,0
24,8,Male,1,7,0,0
24,8,Male,1,8,0,0
24,8,Male,1,9,0,0
24,8,Male,1,10,0,0
24,8,Male,1,11,0,0
24,8,Male,1,12,0,0
24,8,Male,1,13,NA,NA
24,11,Male,2,1,13,16
24,11,Male,2,2,12,17
24,11,Male,2,3,13,29
24,11,Male,2,4,2,20
24,12,Male,2,1,24,28
24,12,Male,2,2,30,35
24,12,Male,2,3,18,22
24,12,Male,2,4,14,20
24,13,Male,2,1,36,51
24,13,Male,2,2,37,31
24,13,Male,2,3,16,23
24,13,Male,2,4,26,14
24,15,Male,2,1,14,27
24,15,Male,2,2,47,44
24,15,Male,2,3,20,23
24,15,Male,2,4,16,20
24,16,Male,2,1,26,40
24,16,Male,2,2,19,29
24,16,Male,2,3,6,8
24,16,Male,2,4,0,0
24,18,Male,2,1,31,39
24,18,Male,2,2,29,28
24,18,Male,2,3,10,14
24,18,Male,2,4,2,1
24,19,Male,2,1,20,28
24,19,Male,2,2,23,28
24,19,Male,2,3,0,0
24,19,Male,2,4,0,0
25,1,Control,1,1,58,47
25,1,Control,1,2,43,27
25,1,Control,1,3,41,35
25,1,Control,1,4,22,25
25,1,Control,1,5,23,22
25,1,Control,1,6,16,12
25,1,Control,1,7,0,0
25,1,Control,1,8,0,0
25,1,Control,1,9,0,0
25,1,Control,1,10,0,0
25,1,Control,1,11,0,0
25,1,Control,1,12,0,0
25,1,Control,1,13,0,0
25,3,Control,1,1,56,59
25,3,Control,1,2,39,35
25,3,Control,1,3,50,55
25,3,Control,1,4,8,13
25,3,Control,1,5,27,16
25,3,Control,1,6,20,13
25,3,Control,1,7,7,6
25,3,Control,1,8,0,2
25,3,Control,1,9,0,0
25,3,Control,1,10,0,0
25,3,Control,1,11,0,0
25,3,Control,1,12,0,0
25,3,Control,1,13,0,0
25,4,Control,1,1,0,2
25,4,Control,1,2,0,0
25,4,Control,1,3,0,0
25,4,Control,1,4,0,0
25,4,Control,1,5,0,0
25,4,Control,1,6,0,0
25,4,Control,1,7,0,0
25,4,Control,1,8,0,0
25,4,Control,1,9,0,0
25,4,Control,1,10,0,0
25,4,Control,1,11,0,0
25,4,Control,1,12,0,0
25,4,Control,1,13,0,0
25,5,Control,1,1,58,48
25,5,Control,1,2,42,39
25,5,Control,1,3,0,0
25,5,Control,1,4,0,0
25,5,Control,1,5,0,0
25,5,Control,1,6,0,0
25,5,Control,1,7,0,0
25,5,Control,1,8,0,0
25,5,Control,1,9,0,0
25,5,Control,1,10,0,0
25,5,Control,1,11,0,0
25,5,Control,1,12,0,0
25,5,Control,1,13,0,0
25,6,Control,1,1,24,34
25,6,Control,1,2,24,27
25,6,Control,1,3,3,5
25,6,Control,1,4,0,0
25,6,Control,1,5,0,0
25,6,Control,1,6,0,0
25,6,Control,1,7,0,0
25,6,Control,1,8,0,0
25,6,Control,1,9,0,0
25,6,Control,1,10,0,0
25,6,Control,1,11,0,0
25,6,Control,1,12,0,0
25,6,Control,1,13,0,0
25,11,Control,2,1,3,13
25,11,Control,2,2,0,1
25,11,Control,2,3,0,0
25,11,Control,2,4,0,0
25,12,Control,2,1,16,16
25,12,Control,2,2,25,22
25,12,Control,2,3,13,10
25,12,Control,2,4,0,0
25,14,Control,2,1,1,1
25,14,Control,2,2,0,0
25,14,Control,2,3,0,0
25,14,Control,2,4,0,0
25,15,Control,2,1,19,33
25,15,Control,2,2,22,31
25,15,Control,2,3,13,15
25,15,Control,2,4,9,15
25,16,Control,2,1,1,2
25,16,Control,2,2,5,3
25,16,Control,2,3,0,0
25,16,Control,2,4,0,0
25,18,Control,2,1,3,8
25,18,Control,2,2,4,4
25,18,Control,2,3,0,2
25,18,Control,2,4,0,0
25,20,Control,2,1,18,22
25,20,Control,2,2,0,0
25,20,Control,2,3,0,0
25,20,Control,2,4,0,0
26,2,Control,1,1,28,19
26,2,Control,1,2,8,11
26,2,Control,1,3,1,7
26,2,Control,1,4,13,17
26,2,Control,1,5,0,0
26,2,Control,1,6,0,0
26,2,Control,1,7,0,0
26,2,Control,1,8,0,0
26,2,Control,1,9,0,0
26,2,Control,1,10,0,0
26,2,Control,1,11,0,0
26,2,Control,1,12,0,0
26,2,Control,1,13,0,0
26,6,Control,1,1,8,21
26,6,Control,1,2,12,14
26,6,Control,1,3,41,45
26,6,Control,1,4,0,0
26,6,Control,1,5,0,0
26,6,Control,1,6,0,0
26,6,Control,1,7,0,0
26,6,Control,1,8,0,0
26,6,Control,1,9,0,0
26,6,Control,1,10,0,0
26,6,Control,1,11,0,0
26,6,Control,1,12,0,0
26,6,Control,1,13,0,0
26,8,Control,1,1,28,17
26,8,Control,1,2,0,0
26,8,Control,1,3,0,0
26,8,Control,1,4,0,0
26,8,Control,1,5,0,0
26,8,Control,1,6,0,0
26,8,Control,1,7,0,0
26,8,Control,1,8,0,0
26,8,Control,1,9,0,0
26,8,Control,1,10,0,0
26,8,Control,1,11,0,0
26,8,Control,1,12,0,0
26,8,Control,1,13,0,0
26,9,Control,1,1,22,30
26,9,Control,1,2,38,47
26,9,Control,1,3,26,35
26,9,Control,1,4,20,34
26,9,Control,1,5,11,11
26,9,Control,1,6,0,0
26,9,Control,1,7,0,0
26,9,Control,1,8,0,0
26,9,Control,1,9,0,0
26,9,Control,1,10,0,0
26,9,Control,1,11,0,0
26,9,Control,1,12,0,0
26,9,Control,1,13,0,0
26,10,Control,1,1,64,40
26,10,Control,1,2,33,36
26,10,Control,1,3,16,22
26,10,Control,1,4,20,23
26,10,Control,1,5,15,21
26,10,Control,1,6,0,0
26,10,Control,1,7,0,0
26,10,Control,1,8,0,0
26,10,Control,1,9,0,0
26,10,Control,1,10,0,0
26,10,Control,1,11,0,0
26,10,Control,1,12,0,0
26,10,Control,1,13,0,0
26,14,Control,2,1,22,23
26,14,Control,2,2,32,24
26,14,Control,2,3,20,25
26,14,Control,2,4,0,0
26,15,Control,2,1,4,10
26,15,Control,2,2,17,20
26,15,Control,2,3,4,9
26,15,Control,2,4,12,24
26,16,Control,2,1,31,41
26,16,Control,2,2,11,18
26,16,Control,2,3,25,34
26,16,Control,2,4,20,22
26,19,Control,2,1,5,17
26,19,Control,2,2,0,0
26,19,Control,2,3,0,0
26,19,Control,2,4,0,0
26,20,Control,2,1,9,19
26,20,Control,2,2,26,27
26,20,Control,2,3,13,18
26,20,Control,2,4,11,13
26,21,Control,2,1,18,28
26,21,Control,2,2,35,27
26,21,Control,2,3,14,12
26,21,Control,2,4,11,14
26,22,Control,2,1,9,17
26,22,Control,2,2,23,28
26,22,Control,2,3,14,16
26,22,Control,2,4,29,31
27,2,Control,1,1,36,43
27,2,Control,1,2,0,0
27,2,Control,1,3,0,0
27,2,Control,1,4,0,0
27,2,Control,1,5,0,0
27,2,Control,1,6,0,0
27,2,Control,1,7,0,0
27,2,Control,1,8,0,0
27,2,Control,1,9,0,0
27,2,Control,1,10,0,0
27,2,Control,1,11,0,0
27,2,Control,1,12,0,0
27,2,Control,1,13,0,0
27,3,Control,1,1,36,34
27,3,Control,1,2,0,0
27,3,Control,1,3,0,0
27,3,Control,1,4,0,0
27,3,Control,1,5,0,0
27,3,Control,1,6,0,0
27,3,Control,1,7,0,0
27,3,Control,1,8,0,0
27,3,Control,1,9,0,0
27,3,Control,1,10,0,0
27,3,Control,1,11,0,0
27,3,Control,1,12,0,0
27,3,Control,1,13,0,0
27,4,Control,1,1,56,50
27,4,Control,1,2,24,28
27,4,Control,1,3,30,19
27,4,Control,1,4,17,12
27,4,Control,1,5,9,10
27,4,Control,1,6,5,7
27,4,Control,1,7,0,0
27,4,Control,1,8,0,0
27,4,Control,1,9,0,0
27,4,Control,1,10,0,0
27,4,Control,1,11,0,0
27,4,Control,1,12,0,0
27,4,Control,1,13,0,0
27,5,Control,1,1,38,55
27,5,Control,1,2,38,55
27,5,Control,1,3,33,37
27,5,Control,1,4,25,32
27,5,Control,1,5,25,30
27,5,Control,1,6,14,17
27,5,Control,1,7,14,14
27,5,Control,1,8,5,7
27,5,Control,1,9,0,0
27,5,Control,1,10,0,0
27,5,Control,1,11,0,0
27,5,Control,1,12,0,0
27,5,Control,1,13,0,0
27,6,Control,1,1,47,35
27,6,Control,1,2,44,43
27,6,Control,1,3,43,54
27,6,Control,1,4,27,50
27,6,Control,1,5,33,46
27,6,Control,1,6,27,42
27,6,Control,1,7,5,7
27,6,Control,1,8,0,0
27,6,Control,1,9,0,0
27,6,Control,1,10,0,0
27,6,Control,1,11,0,0
27,6,Control,1,12,0,0
27,6,Control,1,13,0,0
27,11,Control,2,1,24,23
27,11,Control,2,2,31,26
27,11,Control,2,3,1,2
27,11,Control,2,4,19,22
27,13,Control,2,1,9,11
27,13,Control,2,2,0,0
27,13,Control,2,3,0,0
27,13,Control,2,4,0,0
27,14,Control,2,1,2,14
27,14,Control,2,2,13,5
27,14,Control,2,3,26,24
27,14,Control,2,4,0,0
27,15,Control,2,1,5,20
27,15,Control,2,2,19,21
27,15,Control,2,3,34,35
27,15,Control,2,4,23,32
27,16,Control,2,1,4,3
27,16,Control,2,2,19,32
27,16,Control,2,3,11,20
27,16,Control,2,4,18,21
27,17,Control,2,1,6,7
27,17,Control,2,2,33,33
27,17,Control,2,3,34,36
27,17,Control,2,4,0,0
27,18,Control,2,2,27,28
27,18,Control,2,3,0,0
27,18,Control,2,4,0,0
27,19,Control,2,1,31,32
28,1,Control,1,1,66,57
28,1,Control,1,2,37,22
28,1,Control,1,3,8,20
28,1,Control,1,4,0,0
28,1,Control,1,5,0,0
28,1,Control,1,6,0,0
28,1,Control,1,7,0,0
28,1,Control,1,8,0,0
28,1,Control,1,9,0,0
28,1,Control,1,10,0,0
28,1,Control,1,11,0,0
28,1,Control,1,12,0,0
28,1,Control,1,13,0,0
28,2,Control,1,1,33,33
28,2,Control,1,2,22,25
28,2,Control,1,3,32,47
28,2,Control,1,4,22,30
28,2,Control,1,5,22,22
28,2,Control,1,6,33,24
28,2,Control,1,7,13,14
28,2,Control,1,8,8,21
28,2,Control,1,9,17,20
28,2,Control,1,10,7,13
28,2,Control,1,11,15,17
28,2,Control,1,12,9,5
28,2,Control,1,13,20,27
28,4,Control,1,1,50,55
28,4,Control,1,2,55,60
28,4,Control,1,3,24,25
28,4,Control,1,4,15,25
28,4,Control,1,5,28,44
28,4,Control,1,6,6,6
28,4,Control,1,7,0,0
28,4,Control,1,8,0,0
28,4,Control,1,9,0,0
28,4,Control,1,10,0,0
28,4,Control,1,11,0,0
28,4,Control,1,12,0,0
28,4,Control,1,13,0,0
28,5,Control,1,1,20,13
28,5,Control,1,2,60,42
28,5,Control,1,3,27,29
28,5,Control,1,4,3,3
28,5,Control,1,5,48,36
28,5,Control,1,6,2,1
28,5,Control,1,7,0,0
28,5,Control,1,8,0,0
28,5,Control,1,9,0,0
28,5,Control,1,10,0,0
28,5,Control,1,11,0,0
28,5,Control,1,12,0,0
28,5,Control,1,13,0,0
28,6,Control,1,1,36,58
28,6,Control,1,2,36,53
28,6,Control,1,3,27,32
28,6,Control,1,4,30,26
28,6,Control,1,5,38,33
28,6,Control,1,6,27,30
28,6,Control,1,7,35,28
28,6,Control,1,8,19,17
28,6,Control,1,9,23,14
28,6,Control,1,10,7,5
28,6,Control,1,11,19,35
28,6,Control,1,12,27,18
28,6,Control,1,13,26,34
28,12,Control,2,1,11,22
28,12,Control,2,2,17,21
28,12,Control,2,3,11,9
28,12,Control,2,4,0,0
28,14,Control,2,1,3,7
28,14,Control,2,2,38,37
28,14,Control,2,3,9,9
28,14,Control,2,4,11,13
28,16,Control,2,1,6,6
28,16,Control,2,2,0,0
28,16,Control,2,3,0,0
28,16,Control,2,4,0,0
28,17,Control,2,1,0,0
28,17,Control,2,2,0,0
28,17,Control,2,3,0,0
28,17,Control,2,4,0,0
28,18,Control,2,1,28,46
28,18,Control,2,2,30,35
28,18,Control,2,3,0,0
28,18,Control,2,4,0,0
28,19,Control,2,1,17,30
28,19,Control,2,2,12,21
28,19,Control,2,3,29,30
28,19,Control,2,4,20,26
29,1,Control,1,1,18,21
29,1,Control,1,2,39,32
29,1,Control,1,3,25,24
29,1,Control,1,4,0,0
29,1,Control,1,5,0,0
29,1,Control,1,6,0,0
29,1,Control,1,7,0,0
29,1,Control,1,8,0,0
29,1,Control,1,9,0,0
29,1,Control,1,10,0,0
29,1,Control,1,11,0,0
29,1,Control,1,12,0,0
29,1,Control,1,13,0,0
29,3,Control,1,1,33,29
29,3,Control,1,2,9,19
29,3,Control,1,3,29,25
29,3,Control,1,4,38,39
29,3,Control,1,5,29,26
29,3,Control,1,6,10,12
29,3,Control,1,7,31,32
29,3,Control,1,8,8,11
29,3,Control,1,9,26,21
29,3,Control,1,10,0,0
29,3,Control,1,11,0,0
29,3,Control,1,12,0,0
29,3,Control,1,13,0,0
29,4,Control,1,1,25,28
29,4,Control,1,2,18,37
29,4,Control,1,3,26,35
29,4,Control,1,4,18,27
29,4,Control,1,5,35,34
29,4,Control,1,6,0,0
29,4,Control,1,7,0,0
29,4,Control,1,8,0,0
29,4,Control,1,9,0,0
29,4,Control,1,10,0,0
29,4,Control,1,11,0,0
29,4,Control,1,12,0,0
29,4,Control,1,13,0,0
29,5,Control,1,1,47,56
29,5,Control,1,2,28,24
29,5,Control,1,3,48,36
29,5,Control,1,4,22,16
29,5,Control,1,5,10,16
29,5,Control,1,6,0,0
29,5,Control,1,7,0,0
29,5,Control,1,8,0,0
29,5,Control,1,9,0,0
29,5,Control,1,10,0,0
29,5,Control,1,11,0,0
29,5,Control,1,12,0,0
29,5,Control,1,13,0,0
29,7,Control,1,1,63,48
29,7,Control,1,2,51,41
29,7,Control,1,3,47,35
29,7,Control,1,4,26,27
29,7,Control,1,5,11,19
29,7,Control,1,6,0,0
29,7,Control,1,7,0,0
29,7,Control,1,8,0,0
29,7,Control,1,9,0,0
29,7,Control,1,10,0,0
29,7,Control,1,11,0,0
29,7,Control,1,12,0,0
29,7,Control,1,13,0,0
29,12,Control,2,1,6,4
29,12,Control,2,2,36,31
29,12,Control,2,3,22,27
29,12,Control,2,4,33,25
29,13,Control,2,1,1,9
29,13,Control,2,2,12,16
29,13,Control,2,3,11,10
29,13,Control,2,4,4,9
29,14,Control,2,1,5,2
29,14,Control,2,2,21,27
29,14,Control,2,3,27,22
29,14,Control,2,4,9,18
29,15,Control,2,1,20,30
29,15,Control,2,2,38,55
29,15,Control,2,3,16,20
29,15,Control,2,4,14,5
29,16,Control,2,1,6,8
29,16,Control,2,2,13,16
29,16,Control,2,3,10,8
29,16,Control,2,4,2,2
29,17,Control,2,1,21,35
29,17,Control,2,2,16,19
29,17,Control,2,3,25,21
29,17,Control,2,4,16,19
29,18,Control,2,1,5,9
29,18,Control,2,2,18,28
29,18,Control,2,3,8,13
29,18,Control,2,4,NA,NA
30,1,Control,1,1,34,50
30,1,Control,1,2,31,35
30,1,Control,1,3,18,31
30,1,Control,1,4,21,28
30,1,Control,1,5,40,45
30,1,Control,1,6,6,16
30,1,Control,1,7,34,38
30,1,Control,1,8,11,19
30,1,Control,1,9,14,21
30,1,Control,1,10,9,12
30,1,Control,1,11,3,4
30,1,Control,1,12,0,0
30,1,Control,1,13,0,0
30,3,Control,1,1,38,47
30,3,Control,1,2,36,21
30,3,Control,1,3,NA,NA
30,3,Control,1,4,1,0
30,3,Control,1,5,0,0
30,3,Control,1,6,0,0
30,3,Control,1,7,0,0
30,3,Control,1,8,0,0
30,3,Control,1,9,0,0
30,3,Control,1,10,0,0
30,3,Control,1,11,0,0
30,3,Control,1,12,0,0
30,3,Control,1,13,0,0
30,4,Control,1,1,38,56
30,4,Control,1,2,50,62
30,4,Control,1,3,35,38
30,4,Control,1,4,26,25
30,4,Control,1,5,45,52
30,4,Control,1,6,0,0
30,4,Control,1,7,0,0
30,4,Control,1,8,0,0
30,4,Control,1,9,0,0
30,4,Control,1,10,0,0
30,4,Control,1,11,0,0
30,4,Control,1,12,0,0
30,4,Control,1,13,0,0
30,6,Control,1,1,28,34
30,6,Control,1,2,0,0
30,6,Control,1,3,0,0
30,6,Control,1,4,0,0
30,6,Control,1,5,0,0
30,6,Control,1,6,0,0
30,6,Control,1,7,0,0
30,6,Control,1,8,0,0
30,6,Control,1,9,0,0
30,6,Control,1,10,0,0
30,6,Control,1,11,0,0
30,6,Control,1,12,0,0
30,6,Control,1,13,0,0
30,7,Control,1,1,44,52
30,7,Control,1,2,39,49
30,7,Control,1,3,58,58
30,7,Control,1,4,26,32
30,7,Control,1,5,27,25
30,7,Control,1,6,29,24
30,7,Control,1,7,18,15
30,7,Control,1,8,16,17
30,7,Control,1,9,28,37
30,7,Control,1,10,0,0
30,7,Control,1,11,0,0
30,7,Control,1,12,0,0
30,7,Control,1,13,0,0
30,11,Control,2,1,11,15
30,11,Control,2,2,18,17
30,11,Control,2,3,24,27
30,11,Control,2,4,0,0
30,12,Control,2,1,0,0
30,12,Control,2,2,0,0
30,12,Control,2,3,0,0
30,12,Control,2,4,0,0
30,17,Control,2,1,17,16
30,17,Control,2,2,39,27
30,17,Control,2,3,0,0
30,17,Control,2,4,0,0
30,18,Control,2,1,12,11
30,18,Control,2,2,0,0
30,18,Control,2,3,0,0
30,18,Control,2,4,0,0
30,22,Control,2,1,10,12
30,22,Control,2,2,5,6
30,22,Control,2,3,0,0
30,22,Control,2,4,0,0
31,4,Control,1,1,31,41
31,4,Control,1,2,47,53
31,4,Control,1,3,49,45
31,4,Control,1,4,1,0
31,4,Control,1,5,0,0
31,4,Control,1,6,0,0
31,4,Control,1,7,0,0
31,4,Control,1,8,0,0
31,4,Control,1,9,0,0
31,4,Control,1,10,0,0
31,4,Control,1,11,0,0
31,4,Control,1,12,0,0
31,4,Control,1,13,0,0
31,5,Control,1,1,46,45
31,5,Control,1,2,44,34
31,5,Control,1,3,28,27
31,5,Control,1,4,30,37
31,5,Control,1,5,48,48
31,5,Control,1,6,0,0
31,5,Control,1,7,0,0
31,5,Control,1,8,0,0
31,5,Control,1,9,0,0
31,5,Control,1,10,0,0
31,5,Control,1,11,0,0
31,5,Control,1,12,0,0
31,5,Control,1,13,0,0
31,6,Control,1,1,10,13
31,6,Control,1,2,34,53
31,6,Control,1,3,23,33
31,6,Control,1,4,32,24
31,6,Control,1,5,48,30
31,6,Control,1,6,38,33
31,6,Control,1,7,23,22
31,6,Control,1,8,24,20
31,6,Control,1,9,1,1
31,6,Control,1,10,0,0
31,6,Control,1,11,0,0
31,6,Control,1,12,0,0
31,6,Control,1,13,0,0
31,7,Control,1,1,44,44
31,7,Control,1,2,40,42
31,7,Control,1,3,0,0
31,7,Control,1,4,0,0
31,7,Control,1,5,0,0
31,7,Control,1,6,0,0
31,7,Control,1,7,0,0
31,7,Control,1,8,0,0
31,7,Control,1,9,0,0
31,7,Control,1,10,0,0
31,7,Control,1,11,0,0
31,7,Control,1,12,0,0
31,7,Control,1,13,0,0
31,8,Control,1,1,57,44
31,8,Control,1,2,47,38
31,8,Control,1,3,10,10
31,8,Control,1,4,16,27
31,8,Control,1,5,40,36
31,8,Control,1,6,9,22
31,8,Control,1,7,18,15
31,8,Control,1,8,11,14
31,8,Control,1,9,5,12
31,8,Control,1,10,0,0
31,8,Control,1,11,0,0
31,8,Control,1,12,0,0
31,8,Control,1,13,0,0
31,12,Control,2,1,NA,NA
31,12,Control,2,2,0,0
31,12,Control,2,3,0,0
31,12,Control,2,4,0,0
31,13,Control,2,1,NA,NA
31,13,Control,2,2,42,44
31,13,Control,2,3,12,8
31,13,Control,2,4,18,18
31,15,Control,2,1,NA,NA
31,15,Control,2,2,22,26
31,15,Control,2,3,18,18
31,15,Control,2,4,8,18
31,18,Control,2,1,NA,NA
31,18,Control,2,2,38,35
31,18,Control,2,3,26,38
31,18,Control,2,4,21,23
31,20,Control,2,1,NA,NA
31,20,Control,2,2,31,37
31,20,Control,2,3,26,34
31,20,Control,2,4,17,21
31,21,Control,2,1,NA,NA
31,21,Control,2,2,16,16
31,21,Control,2,3,22,29
31,21,Control,2,4,17,18
31,22,Control,2,1,NA,NA
31,22,Control,2,2,37,24
31,22,Control,2,3,32,27
31,22,Control,2,4,15,20
32,2,Control,1,1,35,34
32,2,Control,1,2,0,0
32,2,Control,1,3,0,0
32,2,Control,1,4,0,0
32,2,Control,1,5,0,0
32,2,Control,1,6,0,0
32,2,Control,1,7,0,0
32,2,Control,1,8,0,0
32,2,Control,1,9,0,0
32,2,Control,1,10,0,0
32,2,Control,1,11,0,0
32,2,Control,1,12,0,0
32,2,Control,1,13,0,0
32,3,Control,1,1,54,34
32,3,Control,1,2,24,40
32,3,Control,1,3,8,14
32,3,Control,1,4,3,10
32,3,Control,1,5,12,13
32,3,Control,1,6,8,5
32,3,Control,1,7,12,15
32,3,Control,1,8,0,2
32,3,Control,1,9,0,0
32,3,Control,1,10,0,0
32,3,Control,1,11,0,0
32,3,Control,1,12,0,0
32,3,Control,1,13,0,0
32,4,Control,1,1,55,44
32,4,Control,1,2,34,38
32,4,Control,1,3,28,26
32,4,Control,1,4,32,15
32,4,Control,1,5,34,34
32,4,Control,1,6,39,27
32,4,Control,1,7,21,25
32,4,Control,1,8,0,0
32,4,Control,1,9,0,0
32,4,Control,1,10,0,0
32,4,Control,1,11,0,0
32,4,Control,1,12,0,0
32,4,Control,1,13,0,0
32,5,Control,1,1,55,68
32,5,Control,1,2,10,10
32,5,Control,1,3,39,42
32,5,Control,1,4,0,0
32,5,Control,1,5,0,0
32,5,Control,1,6,0,0
32,5,Control,1,7,0,0
32,5,Control,1,8,0,0
32,5,Control,1,9,0,0
32,5,Control,1,10,0,0
32,5,Control,1,11,0,0
32,5,Control,1,12,0,0
32,5,Control,1,13,0,0
32,6,Control,1,1,46,80
32,6,Control,1,2,52,50
32,6,Control,1,3,35,44
32,6,Control,1,4,40,55
32,6,Control,1,5,40,36
32,6,Control,1,6,51,49
32,6,Control,1,7,32,25
32,6,Control,1,8,18,18
32,6,Control,1,9,7,9
32,6,Control,1,10,8,12
32,6,Control,1,11,0,0
32,6,Control,1,12,0,0
32,6,Control,1,13,0,0
32,12,Control,2,1,3,3
32,12,Control,2,2,25,33
32,12,Control,2,3,29,36
32,12,Control,2,4,38,41
32,13,Control,2,1,7,6
32,13,Control,2,2,15,27
32,13,Control,2,3,18,8
32,13,Control,2,4,28,21
32,14,Control,2,1,19,35
32,14,Control,2,2,44,50
32,14,Control,2,3,14,18
32,14,Control,2,4,15,21
32,15,Control,2,1,15,27
32,15,Control,2,2,36,35
32,15,Control,2,3,39,31
32,15,Control,2,4,30,41
32,16,Control,2,1,10,17
32,16,Control,2,2,24,38
32,16,Control,2,3,23,17
32,16,Control,2,4,21,20
32,17,Control,2,1,19,24
32,17,Control,2,2,34,29
32,17,Control,2,3,33,30
32,17,Control,2,4,39,36
32,18,Control,2,1,22,39
32,18,Control,2,2,13,16
32,18,Control,2,3,15,17
32,18,Control,2,4,3,6
33,4,Control,1,1,45,42
33,4,Control,1,2,0,0
33,4,Control,1,3,0,0
33,4,Control,1,4,0,0
33,4,Control,1,5,0,0
33,4,Control,1,6,0,0
33,4,Control,1,7,0,0
33,4,Control,1,8,0,0
33,4,Control,1,9,0,0
33,4,Control,1,10,0,0
33,4,Control,1,11,0,0
33,4,Control,1,12,0,0
33,4,Control,1,13,0,0
33,5,Control,1,1,35,49
33,5,Control,1,2,36,36
33,5,Control,1,3,0,5
33,5,Control,1,4,0,0
33,5,Control,1,5,0,0
33,5,Control,1,6,0,0
33,5,Control,1,7,0,0
33,5,Control,1,8,0,0
33,5,Control,1,9,0,0
33,5,Control,1,10,0,0
33,5,Control,1,11,0,0
33,5,Control,1,12,0,0
33,5,Control,1,13,0,0
33,7,Control,1,1,5,13
33,7,Control,1,2,9,12
33,7,Control,1,3,43,37
33,7,Control,1,4,1,0
33,7,Control,1,5,0,0
33,7,Control,1,6,0,0
33,7,Control,1,7,0,0
33,7,Control,1,8,0,0
33,7,Control,1,9,0,0
33,7,Control,1,10,0,0
33,7,Control,1,11,0,0
33,7,Control,1,12,0,0
33,7,Control,1,13,0,0
33,8,Control,1,1,33,37
33,8,Control,1,2,0,2
33,8,Control,1,3,0,0
33,8,Control,1,4,0,0
33,8,Control,1,5,0,0
33,8,Control,1,6,0,0
33,8,Control,1,7,0,0
33,8,Control,1,8,0,0
33,8,Control,1,9,0,0
33,8,Control,1,10,0,0
33,8,Control,1,11,0,0
33,8,Control,1,12,0,0
33,8,Control,1,13,0,0
33,11,Control,2,1,1,5
33,11,Control,2,2,20,34
33,11,Control,2,3,27,23
33,11,Control,2,4,40,38
33,12,Control,2,1,13,25
33,12,Control,2,2,24,16
33,12,Control,2,3,10,16
33,12,Control,2,4,32,36
33,16,Control,2,1,1,3
33,16,Control,2,2,27,26
33,16,Control,2,3,20,25
33,16,Control,2,4,22,31
33,17,Control,2,1,30,32
33,17,Control,2,2,31,53
33,17,Control,2,3,44,45
33,17,Control,2,4,23,15
33,18,Control,2,1,4,6
33,18,Control,2,2,11,13
33,18,Control,2,3,2,6
33,18,Control,2,4,4,2
33,20,Control,2,1,21,25
33,20,Control,2,2,0,0
33,20,Control,2,3,0,0
33,20,Control,2,4,0,0
33,22,Control,2,1,26,37
33,22,Control,2,2,26,25
33,22,Control,2,3,26,25
33,22,Control,2,4,21,31
34,1,Control,1,1,3,4
34,1,Control,1,2,22,14
34,1,Control,1,3,0,6
34,1,Control,1,4,0,0
34,1,Control,1,5,0,0
34,1,Control,1,6,0,0
34,1,Control,1,7,0,0
34,1,Control,1,8,0,0
34,1,Control,1,9,0,0
34,1,Control,1,10,0,0
34,1,Control,1,11,0,0
34,1,Control,1,12,0,0
34,1,Control,1,13,0,0
34,2,Control,1,1,22,16
34,2,Control,1,2,52,62
34,2,Control,1,3,33,46
34,2,Control,1,4,36,31
34,2,Control,1,5,3,4
34,2,Control,1,6,6,7
34,2,Control,1,7,0,0
34,2,Control,1,8,0,0
34,2,Control,1,9,0,0
34,2,Control,1,10,0,0
34,2,Control,1,11,0,0
34,2,Control,1,12,0,0
34,2,Control,1,13,0,0
34,3,Control,1,1,27,27
34,3,Control,1,2,0,0
34,3,Control,1,3,0,0
34,3,Control,1,4,0,0
34,3,Control,1,5,0,0
34,3,Control,1,6,0,0
34,3,Control,1,7,0,0
34,3,Control,1,8,0,0
34,3,Control,1,9,0,0
34,3,Control,1,10,0,0
34,3,Control,1,11,0,0
34,3,Control,1,12,0,0
34,3,Control,1,13,0,0
34,5,Control,1,1,4,5
34,5,Control,1,2,9,22
34,5,Control,1,3,8,19
34,5,Control,1,4,0,0
34,5,Control,1,5,0,0
34,5,Control,1,6,0,0
34,5,Control,1,7,0,0
34,5,Control,1,8,0,0
34,5,Control,1,9,0,0
34,5,Control,1,10,0,0
34,5,Control,1,11,0,0
34,5,Control,1,12,0,0
34,5,Control,1,13,0,0
34,6,Control,1,1,4,4
34,6,Control,1,2,0,0
34,6,Control,1,3,0,0
34,6,Control,1,4,0,0
34,6,Control,1,5,0,0
34,6,Control,1,6,0,0
34,6,Control,1,7,0,0
34,6,Control,1,8,0,0
34,6,Control,1,9,0,0
34,6,Control,1,10,0,0
34,6,Control,1,11,0,0
34,6,Control,1,12,0,0
34,6,Control,1,13,0,0
34,11,Control,2,1,5,5
34,11,Control,2,2,16,26
34,11,Control,2,3,17,20
34,11,Control,2,4,41,29
34,13,Control,2,1,33,33
34,13,Control,2,2,29,34
34,13,Control,2,3,19,12
34,13,Control,2,4,27,37
34,16,Control,2,1,22,27
34,16,Control,2,2,22,24
34,16,Control,2,3,27,19
34,16,Control,2,4,22,20
34,18,Control,2,1,3,2
34,18,Control,2,2,15,19
34,18,Control,2,3,14,13
34,18,Control,2,4,12,11
34,19,Control,2,1,24,28
34,19,Control,2,2,37,34
34,19,Control,2,3,12,18
34,19,Control,2,4,19,20
34,21,Control,2,1,6,11
34,21,Control,2,2,15,21
34,21,Control,2,3,32,15
34,21,Control,2,4,13,17
34,22,Control,2,1,13,27
34,22,Control,2,2,19,20
34,22,Control,2,3,14,19
34,22,Control,2,4,23,36
35,1,Control,1,1,72,48
35,1,Control,1,2,53,41
35,1,Control,1,3,20,30
35,1,Control,1,4,4,17
35,1,Control,1,5,22,16
35,1,Control,1,6,29,29
35,1,Control,1,7,21,19
35,1,Control,1,8,6,11
35,1,Control,1,9,11,12
35,1,Control,1,10,10,17
35,1,Control,1,11,11,15
35,1,Control,1,12,0,0
35,1,Control,1,13,0,0
35,2,Control,1,1,67,59
35,2,Control,1,2,37,37
35,2,Control,1,3,30,36
35,2,Control,1,4,0,0
35,2,Control,1,5,0,0
35,2,Control,1,6,0,0
35,2,Control,1,7,0,0
35,2,Control,1,8,0,0
35,2,Control,1,9,0,0
35,2,Control,1,10,0,0
35,2,Control,1,11,0,0
35,2,Control,1,12,0,0
35,2,Control,1,13,0,0
35,3,Control,1,1,53,55
35,3,Control,1,2,45,46
35,3,Control,1,3,0,0
35,3,Control,1,4,0,0
35,3,Control,1,5,0,0
35,3,Control,1,6,0,0
35,3,Control,1,7,0,0
35,3,Control,1,8,0,0
35,3,Control,1,9,0,0
35,3,Control,1,10,0,0
35,3,Control,1,11,0,0
35,3,Control,1,12,0,0
35,3,Control,1,13,0,0
35,4,Control,1,1,61,54
35,4,Control,1,2,34,25
35,4,Control,1,3,19,24
35,4,Control,1,4,32,25
35,4,Control,1,5,1,0
35,4,Control,1,6,0,0
35,4,Control,1,7,0,0
35,4,Control,1,8,0,0
35,4,Control,1,9,0,0
35,4,Control,1,10,0,0
35,4,Control,1,11,0,0
35,4,Control,1,12,0,0
35,4,Control,1,13,0,0
35,5,Control,1,1,73,59
35,5,Control,1,2,43,44
35,5,Control,1,3,15,12
35,5,Control,1,4,16,26
35,5,Control,1,5,3,6
35,5,Control,1,6,15,14
35,5,Control,1,7,3,7
35,5,Control,1,8,12,21
35,5,Control,1,9,8,8
35,5,Control,1,10,9,17
35,5,Control,1,11,1,0
35,5,Control,1,12,0,0
35,5,Control,1,13,0,0
35,12,Control,2,1,8,11
35,12,Control,2,2,28,35
35,12,Control,2,3,24,31
35,12,Control,2,4,15,35
35,13,Control,2,1,6,24
35,13,Control,2,2,16,37
35,13,Control,2,3,16,11
35,13,Control,2,4,10,14
35,14,Control,2,1,11,7
35,14,Control,2,2,19,20
35,14,Control,2,3,30,30
35,14,Control,2,4,48,46
35,15,Control,2,1,9,17
35,15,Control,2,2,18,22
35,15,Control,2,3,21,24
35,15,Control,2,4,15,22
35,16,Control,2,1,6,17
35,16,Control,2,2,11,16
35,16,Control,2,3,19,12
35,16,Control,2,4,1,1
35,17,Control,2,1,1,2
35,17,Control,2,2,26,43
35,17,Control,2,3,16,16
35,17,Control,2,4,28,20
35,19,Control,2,1,1,0
35,19,Control,2,2,0,0
35,19,Control,2,3,0,0
35,19,Control,2,4,0,0
36,1,Control,1,1,55,65
36,1,Control,1,2,14,12
36,1,Control,1,3,58,59
36,1,Control,1,4,44,45
36,1,Control,1,5,16,22
36,1,Control,1,6,21,24
36,1,Control,1,7,2,6
36,1,Control,1,8,5,5
36,1,Control,1,9,0,0
36,1,Control,1,10,0,0
36,1,Control,1,11,0,0
36,1,Control,1,12,0,0
36,1,Control,1,13,0,0
36,2,Control,1,1,33,35
36,2,Control,1,2,14,19
36,2,Control,1,3,40,49
36,2,Control,1,4,16,18
36,2,Control,1,5,32,31
36,2,Control,1,6,33,25
36,2,Control,1,7,19,16
36,2,Control,1,8,0,1
36,2,Control,1,9,0,0
36,2,Control,1,10,0,0
36,2,Control,1,11,0,0
36,2,Control,1,12,0,0
36,2,Control,1,13,0,0
36,3,Control,1,1,34,40
36,3,Control,1,2,43,44
36,3,Control,1,3,20,26
36,3,Control,1,4,25,31
36,3,Control,1,5,0,0
36,3,Control,1,6,0,0
36,3,Control,1,7,0,0
36,3,Control,1,8,0,0
36,3,Control,1,9,0,0
36,3,Control,1,10,0,0
36,3,Control,1,11,0,0
36,3,Control,1,12,0,0
36,3,Control,1,13,0,0
36,4,Control,1,1,27,43
36,4,Control,1,2,19,45
36,4,Control,1,3,29,32
36,4,Control,1,4,16,19
36,4,Control,1,5,45,47
36,4,Control,1,6,32,39
36,4,Control,1,7,10,14
36,4,Control,1,8,6,2
36,4,Control,1,9,0,0
36,4,Control,1,10,0,0
36,4,Control,1,11,0,0
36,4,Control,1,12,0,0
36,4,Control,1,13,0,0
36,5,Control,1,1,59,24
36,5,Control,1,2,45,43
36,5,Control,1,3,42,27
36,5,Control,1,4,0,0
36,5,Control,1,5,0,0
36,5,Control,1,6,0,0
36,5,Control,1,7,0,0
36,5,Control,1,8,0,0
36,5,Control,1,9,0,0
36,5,Control,1,10,0,0
36,5,Control,1,11,0,0
36,5,Control,1,12,0,0
36,5,Control,1,13,0,0
36,11,Control,2,1,3,6
36,11,Control,2,2,22,24
36,11,Control,2,3,27,29
36,11,Control,2,4,22,24
36,12,Control,2,1,1,4
36,12,Control,2,2,0,0
36,12,Control,2,3,0,0
36,12,Control,2,4,0,0
36,13,Control,2,1,0,3
36,13,Control,2,2,0,0
36,13,Control,2,3,0,0
36,13,Control,2,4,0,0
36,15,Control,2,1,11,9
36,15,Control,2,2,42,41
36,15,Control,2,3,20,25
36,15,Control,2,4,25,32
36,16,Control,2,1,1,0
36,16,Control,2,2,0,0
36,16,Control,2,3,0,0
36,16,Control,2,4,0,0
36,17,Control,2,1,2,11
36,17,Control,2,2,36,52
36,17,Control,2,3,18,25
36,17,Control,2,4,34,36