Fitness_vial_ID,Block,Population,Treatment,GFP,Sex,Rearing_vial,Red_female_offspring,Red_male_offspring,bw_female_offspring,bw_male_offspring,Comment
1,1,1,Female_limited,UBI,Female,1,71,77,34,31,
2,1,1,Female_limited,UBI,Female,1,78,80,32,38,
3,1,1,Female_limited,UBI,Female,1,NA,NA,NA,NA,Offspring dessication
4,1,1,Female_limited,UBI,Female,1,75,67,26,26,
5,1,1,Female_limited,UBI,Female,1,60,48,24,16,
6,1,1,Female_limited,UBI,Female,2,69,84,44,32,
7,1,1,Female_limited,UBI,Female,2,NA,NA,NA,NA,Offspring dessication
8,1,1,Female_limited,UBI,Female,2,83,67,43,14,
9,1,1,Female_limited,UBI,Female,2,65,61,33,40,
10,1,1,Female_limited,UBI,Female,2,87,84,29,25,
11,1,2,Male_limited,3xP,Female,3,78,60,26,26,
12,1,2,Male_limited,3xP,Female,3,81,86,37,30,
13,1,2,Male_limited,3xP,Female,3,107,105,17,16,
14,1,2,Male_limited,3xP,Female,3,63,41,11,4,
15,1,2,Male_limited,3xP,Female,3,73,40,7,5,
16,1,2,Male_limited,3xP,Female,4,55,26,5,3,
17,1,2,Male_limited,3xP,Female,4,57,41,5,5,
18,1,2,Male_limited,3xP,Female,4,73,75,10,5,
19,1,2,Male_limited,3xP,Female,4,67,79,31,23,
20,1,2,Male_limited,3xP,Female,4,84,78,37,34,
21,1,3,Female_limited,UBI,Female,5,53,57,38,18,
22,1,3,Female_limited,UBI,Female,5,91,107,22,20,
23,1,3,Female_limited,UBI,Female,5,59,28,17,5,
24,1,3,Female_limited,UBI,Female,5,46,20,14,5,
25,1,3,Female_limited,UBI,Female,5,47,21,19,13,
26,1,3,Female_limited,UBI,Female,6,79,76,32,21,
27,1,3,Female_limited,UBI,Female,6,67,27,13,2,
28,1,3,Female_limited,UBI,Female,6,75,49,6,7,
29,1,3,Female_limited,UBI,Female,6,90,67,17,7,
30,1,3,Female_limited,UBI,Female,6,NA,NA,NA,NA,Offspring dessication
31,1,4,Male_limited,3xP,Female,7,NA,NA,NA,NA,Offspring dessication
32,1,4,Male_limited,3xP,Female,7,57,63,18,16,
33,1,4,Male_limited,3xP,Female,7,75,64,25,22,
34,1,4,Male_limited,3xP,Female,7,38,12,1,1,
35,1,4,Male_limited,3xP,Female,7,64,82,15,13,
36,1,4,Male_limited,3xP,Female,8,68,60,2,3,
37,1,4,Male_limited,3xP,Female,8,64,66,40,32,
38,1,4,Male_limited,3xP,Female,8,82,54,20,15,
39,1,4,Male_limited,3xP,Female,8,95,94,23,15,
40,1,4,Male_limited,3xP,Female,8,71,56,25,32,
41,1,5,Male_limited,UBI,Female,9,76,72,31,36,
42,1,5,Male_limited,UBI,Female,9,78,93,19,21,
43,1,5,Male_limited,UBI,Female,9,78,44,12,5,
44,1,5,Male_limited,UBI,Female,9,108,76,29,28,
45,1,5,Male_limited,UBI,Female,9,93,74,22,23,
46,1,5,Male_limited,UBI,Female,10,99,86,31,19,
47,1,5,Male_limited,UBI,Female,10,72,63,24,26,
48,1,5,Male_limited,UBI,Female,10,75,60,24,32,
49,1,5,Male_limited,UBI,Female,10,28,22,34,16,
50,1,5,Male_limited,UBI,Female,10,73,77,36,45,
51,1,6,Female_limited,3xP,Female,11,71,74,13,23,
52,1,6,Female_limited,3xP,Female,11,57,57,24,17,
53,1,6,Female_limited,3xP,Female,11,53,55,21,17,
54,1,6,Female_limited,3xP,Female,11,63,50,19,7,
55,1,6,Female_limited,3xP,Female,11,53,31,8,2,
56,1,6,Female_limited,3xP,Female,11,72,109,13,24,
57,1,6,Female_limited,3xP,Female,11,70,48,19,14,
58,1,7,Male_limited,UBI,Female,13,56,48,36,29,
59,1,7,Male_limited,UBI,Female,13,64,67,36,36,
60,1,7,Male_limited,UBI,Female,13,60,48,18,22,
61,1,7,Male_limited,UBI,Female,14,54,46,17,30,
62,1,7,Male_limited,UBI,Female,14,50,55,38,35,
63,1,7,Male_limited,UBI,Female,14,72,81,34,36,
64,1,7,Male_limited,UBI,Female,14,88,79,23,28,
65,1,7,Male_limited,UBI,Female,14,76,63,35,30,
66,1,7,Male_limited,UBI,Female,14,65,60,31,21,
67,1,7,Male_limited,UBI,Female,14,62,38,20,19,
68,1,8,Female_limited,3xP,Female,15,67,71,38,28,
69,1,8,Female_limited,3xP,Female,15,76,70,32,15,
70,1,8,Female_limited,3xP,Female,15,86,88,20,23,
71,1,8,Female_limited,3xP,Female,15,59,56,24,27,
72,1,8,Female_limited,3xP,Female,15,40,73,17,20,
73,1,8,Female_limited,3xP,Female,16,40,42,16,20,
74,1,8,Female_limited,3xP,Female,16,57,73,21,21,
75,1,8,Female_limited,3xP,Female,16,88,70,15,24,
76,1,8,Female_limited,3xP,Female,16,81,58,17,12,
77,1,8,Female_limited,3xP,Female,16,70,62,18,17,
78,1,9,Control,UBI,Female,17,58,25,7,7,
79,1,9,Control,UBI,Female,17,51,47,34,38,
80,1,9,Control,UBI,Female,17,59,79,17,15,
81,1,9,Control,UBI,Female,17,78,83,40,38,
82,1,9,Control,UBI,Female,17,84,66,20,25,
83,1,9,Control,UBI,Female,18,62,64,19,22,
84,1,9,Control,UBI,Female,18,56,69,18,22,
85,1,9,Control,UBI,Female,18,73,66,42,36,
86,1,9,Control,UBI,Female,18,89,82,21,19,
87,1,9,Control,UBI,Female,18,56,53,19,30,
88,1,10,Control,UBI,Female,19,47,60,31,29,
89,1,10,Control,UBI,Female,19,67,52,40,47,
90,1,10,Control,UBI,Female,19,46,52,28,28,
91,1,10,Control,UBI,Female,20,71,63,19,18,
92,1,10,Control,UBI,Female,20,58,66,24,22,
93,1,10,Control,UBI,Female,20,85,76,23,33,
94,1,11,Control,3xP,Female,21,89,82,9,15,
95,1,11,Control,3xP,Female,21,93,78,18,22,
96,1,11,Control,3xP,Female,21,93,98,10,14,
97,1,11,Control,3xP,Female,21,74,94,6,11,
98,1,11,Control,3xP,Female,21,73,61,30,37,
99,1,11,Control,3xP,Female,21,56,44,34,32,
100,1,11,Control,3xP,Female,22,67,56,19,24,
101,1,11,Control,3xP,Female,22,80,79,19,18,
102,1,11,Control,3xP,Female,22,86,67,41,28,
103,1,11,Control,3xP,Female,22,64,71,24,27,
104,1,11,Control,3xP,Female,22,70,69,23,24,
105,1,11,Control,3xP,Female,22,63,75,15,20,
106,1,12,Control,3xP,Female,23,58,65,38,32,
107,1,12,Control,3xP,Female,23,61,62,30,34,
108,1,12,Control,3xP,Female,23,65,64,41,37,
109,1,12,Control,3xP,Female,23,94,77,19,22,
110,1,12,Control,3xP,Female,23,51,54,38,43,
111,1,12,Control,3xP,Female,23,103,88,33,27,
112,1,12,Control,3xP,Female,23,66,64,51,44,
113,1,12,Control,3xP,Female,23,55,50,36,29,
114,1,12,Control,3xP,Female,23,87,69,37,28,
115,1,12,Control,3xP,Female,24,47,60,42,54,
116,1,1,Female_limited,UBI,Male,1,45,41,13,16,
117,1,1,Female_limited,UBI,Male,1,57,64,6,8,
118,1,1,Female_limited,UBI,Male,1,22,27,33,30,
119,1,1,Female_limited,UBI,Male,1,38,52,29,28,
120,1,1,Female_limited,UBI,Male,1,41,47,12,11,
121,1,1,Female_limited,UBI,Male,2,44,35,7,7,
122,1,1,Female_limited,UBI,Male,2,19,15,1,3,
123,1,1,Female_limited,UBI,Male,2,41,51,8,7,
124,1,1,Female_limited,UBI,Male,2,42,55,10,8,
125,1,1,Female_limited,UBI,Male,2,41,48,22,16,
126,1,2,Male_limited,3xP,Male,3,55,65,0,0,
127,1,2,Male_limited,3xP,Male,3,64,41,26,24,
128,1,2,Male_limited,3xP,Male,3,62,61,3,7,
129,1,2,Male_limited,3xP,Male,3,43,57,16,14,
130,1,2,Male_limited,3xP,Male,3,29,22,0,0,
131,1,2,Male_limited,3xP,Male,4,77,71,0,0,
132,1,2,Male_limited,3xP,Male,4,51,55,17,18,
133,1,2,Male_limited,3xP,Male,4,72,71,6,10,
134,1,2,Male_limited,3xP,Male,4,35,36,25,30,
135,1,2,Male_limited,3xP,Male,4,42,43,12,22,
136,1,3,Female_limited,UBI,Male,5,56,48,18,24,
137,1,3,Female_limited,UBI,Male,5,40,43,12,8,
138,1,3,Female_limited,UBI,Male,5,54,47,2,3,
139,1,3,Female_limited,UBI,Male,5,49,34,29,28,
140,1,3,Female_limited,UBI,Male,5,38,49,32,34,
141,1,3,Female_limited,UBI,Male,6,37,43,4,6,
142,1,3,Female_limited,UBI,Male,6,37,34,29,33,
143,1,3,Female_limited,UBI,Male,6,2,4,7,4,
144,1,3,Female_limited,UBI,Male,6,51,54,10,15,
145,1,3,Female_limited,UBI,Male,6,46,51,19,17,
146,1,4,Male_limited,3xP,Male,7,55,54,37,27,
147,1,4,Male_limited,3xP,Male,7,52,52,45,23,
148,1,4,Male_limited,3xP,Male,7,NA,NA,NA,NA,Offspring dessication
149,1,4,Male_limited,3xP,Male,7,89,73,2,6,
150,1,4,Male_limited,3xP,Male,7,36,32,36,31,
151,1,4,Male_limited,3xP,Male,8,41,48,26,17,
152,1,4,Male_limited,3xP,Male,8,50,47,43,39,
153,1,4,Male_limited,3xP,Male,8,36,41,18,34,
154,1,4,Male_limited,3xP,Male,8,32,38,56,50,
155,1,4,Male_limited,3xP,Male,8,36,38,33,30,
156,1,5,Male_limited,UBI,Male,9,59,60,11,12,
157,1,5,Male_limited,UBI,Male,9,48,58,22,14,
158,1,5,Male_limited,UBI,Male,9,52,44,24,35,
159,1,5,Male_limited,UBI,Male,9,23,29,46,34,
160,1,5,Male_limited,UBI,Male,9,27,26,39,49,
161,1,5,Male_limited,UBI,Male,10,20,21,10,14,
162,1,5,Male_limited,UBI,Male,10,24,23,23,31,
163,1,5,Male_limited,UBI,Male,10,31,23,38,45,
164,1,5,Male_limited,UBI,Male,10,24,24,43,42,
165,1,5,Male_limited,UBI,Male,10,43,42,19,27,
166,1,6,Female_limited,3xP,Male,11,64,70,7,9,
167,1,6,Female_limited,3xP,Male,11,52,53,20,24,
168,1,6,Female_limited,3xP,Male,11,65,57,5,7,
169,1,6,Female_limited,3xP,Male,11,66,79,0,0,
170,1,6,Female_limited,3xP,Male,11,63,63,0,0,
171,1,6,Female_limited,3xP,Male,12,22,33,25,33,
172,1,6,Female_limited,3xP,Male,12,9,23,30,19,
173,1,6,Female_limited,3xP,Male,12,48,40,0,0,
174,1,6,Female_limited,3xP,Male,12,21,18,19,27,
175,1,6,Female_limited,3xP,Male,12,11,11,17,12,
176,1,7,Male_limited,UBI,Male,13,21,19,62,62,
177,1,7,Male_limited,UBI,Male,13,59,57,24,22,
178,1,7,Male_limited,UBI,Male,13,34,23,46,41,
179,1,7,Male_limited,UBI,Male,13,29,41,12,20,
180,1,7,Male_limited,UBI,Male,13,32,50,23,19,
181,1,7,Male_limited,UBI,Male,14,24,40,53,50,
182,1,7,Male_limited,UBI,Male,14,18,22,65,73,
183,1,7,Male_limited,UBI,Male,14,25,17,39,47,
184,1,7,Male_limited,UBI,Male,14,54,60,28,32,
185,1,7,Male_limited,UBI,Male,14,54,52,16,16,
186,1,8,Female_limited,3xP,Male,15,37,35,53,42,
187,1,8,Female_limited,3xP,Male,15,36,56,21,30,
188,1,8,Female_limited,3xP,Male,15,19,17,46,53,
189,1,8,Female_limited,3xP,Male,15,80,68,8,5,
190,1,8,Female_limited,3xP,Male,15,15,17,51,55,
191,1,8,Female_limited,3xP,Male,16,55,91,5,8,
192,1,8,Female_limited,3xP,Male,16,42,59,22,18,
193,1,8,Female_limited,3xP,Male,16,50,44,0,0,
194,1,8,Female_limited,3xP,Male,16,56,57,1,0,
195,1,8,Female_limited,3xP,Male,16,64,48,14,18,
196,1,9,Control,UBI,Male,17,29,49,46,35,
197,1,9,Control,UBI,Male,17,35,42,33,24,
198,1,9,Control,UBI,Male,17,47,44,15,14,
199,1,9,Control,UBI,Male,17,64,48,0,0,
200,1,9,Control,UBI,Male,17,31,30,3,4,
201,1,9,Control,UBI,Male,18,15,26,58,52,
202,1,9,Control,UBI,Male,18,23,32,46,37,
203,1,9,Control,UBI,Male,18,52,54,26,32,
204,1,9,Control,UBI,Male,18,31,43,37,34,
205,1,9,Control,UBI,Male,18,64,56,15,10,
206,1,10,Control,UBI,Male,19,37,29,37,32,
207,1,10,Control,UBI,Male,19,25,29,33,42,
208,1,10,Control,UBI,Male,19,42,51,20,37,
209,1,10,Control,UBI,Male,19,33,24,30,18,
210,1,10,Control,UBI,Male,19,71,61,19,14,
211,1,10,Control,UBI,Male,20,42,49,16,23,
212,1,10,Control,UBI,Male,20,79,74,17,15,
213,1,10,Control,UBI,Male,20,68,78,2,1,
214,1,10,Control,UBI,Male,20,69,62,10,7,
215,1,10,Control,UBI,Male,20,61,38,27,23,
216,1,11,Control,3xP,Male,21,31,27,24,19,
217,1,11,Control,3xP,Male,21,64,57,6,7,
218,1,11,Control,3xP,Male,21,39,37,23,19,
219,1,11,Control,3xP,Male,21,16,26,14,26,
220,1,11,Control,3xP,Male,21,24,58,13,19,
221,1,11,Control,3xP,Male,22,57,50,1,6,
222,1,11,Control,3xP,Male,22,33,41,21,23,
223,1,11,Control,3xP,Male,22,53,46,36,37,
224,1,11,Control,3xP,Male,22,33,40,19,11,
225,1,11,Control,3xP,Male,22,7,7,2,1,
226,1,12,Control,3xP,Male,23,48,60,31,21,
227,1,12,Control,3xP,Male,23,28,25,16,17,
228,1,12,Control,3xP,Male,23,14,14,59,51,
229,1,12,Control,3xP,Male,23,32,27,37,17,
230,1,12,Control,3xP,Male,23,29,40,6,9,
231,1,12,Control,3xP,Male,24,3,6,60,55,
232,1,12,Control,3xP,Male,24,75,72,9,5,
233,1,12,Control,3xP,Male,24,41,28,30,17,
234,1,12,Control,3xP,Male,24,43,55,36,24,
235,1,12,Control,3xP,Male,24,72,73,0,0,
236,2,1,Female_limited,UBI,Female,25,69,41,67,49,
237,2,1,Female_limited,UBI,Female,25,35,50,56,51,
238,2,1,Female_limited,UBI,Female,25,53,45,47,44,
239,2,1,Female_limited,UBI,Female,25,69,62,38,31,
240,2,1,Female_limited,UBI,Female,25,48,58,46,38,
241,2,1,Female_limited,UBI,Female,25,51,49,51,52,
242,2,1,Female_limited,UBI,Female,25,60,48,40,52,
243,2,1,Female_limited,UBI,Female,26,70,75,55,41,
244,2,1,Female_limited,UBI,Female,26,68,64,21,40,
245,2,1,Female_limited,UBI,Female,26,80,69,45,46,
246,2,1,Female_limited,UBI,Female,26,48,56,45,58,
247,2,1,Female_limited,UBI,Female,26,48,53,56,48,
248,2,2,Male_limited,3xP,Female,27,81,71,42,53,
249,2,2,Male_limited,3xP,Female,27,52,68,35,28,
250,2,2,Male_limited,3xP,Female,27,50,60,57,43,
251,2,2,Male_limited,3xP,Female,27,59,74,24,33,
252,2,2,Male_limited,3xP,Female,27,63,66,17,27,
253,2,2,Male_limited,3xP,Female,27,59,61,37,35,
254,2,2,Male_limited,3xP,Female,28,65,59,28,42,
255,2,2,Male_limited,3xP,Female,28,52,57,30,55,
256,2,2,Male_limited,3xP,Female,28,71,86,2,8,
257,2,2,Male_limited,3xP,Female,28,71,69,25,26,
258,2,3,Female_limited,UBI,Female,29,62,44,48,46,
259,2,3,Female_limited,UBI,Female,29,45,51,17,17,
260,2,3,Female_limited,UBI,Female,29,43,49,33,33,
261,2,3,Female_limited,UBI,Female,29,38,59,39,47,
262,2,3,Female_limited,UBI,Female,29,37,38,37,35,
263,2,3,Female_limited,UBI,Female,29,37,47,31,28,
264,2,3,Female_limited,UBI,Female,30,55,58,37,38,
265,2,3,Female_limited,UBI,Female,30,45,33,49,36,
266,2,3,Female_limited,UBI,Female,30,66,51,25,29,
267,2,3,Female_limited,UBI,Female,30,41,49,57,51,
268,2,3,Female_limited,UBI,Female,30,69,58,37,42,
269,2,4,Male_limited,3xP,Female,31,60,63,35,31,
270,2,4,Male_limited,3xP,Female,31,69,65,45,39,
271,2,4,Male_limited,3xP,Female,31,83,62,55,35,
272,2,4,Male_limited,3xP,Female,32,69,74,42,29,
273,2,4,Male_limited,3xP,Female,32,63,53,47,35,
274,2,5,Male_limited,UBI,Female,33,54,74,33,38,
275,2,5,Male_limited,UBI,Female,33,54,44,42,55,
276,2,5,Male_limited,UBI,Female,33,49,51,38,43,
277,2,5,Male_limited,UBI,Female,34,53,63,28,50,
278,2,5,Male_limited,UBI,Female,34,62,62,40,55,
279,2,6,Female_limited,3xP,Female,35,68,86,36,43,
280,2,6,Female_limited,3xP,Female,35,79,81,32,32,
281,2,6,Female_limited,3xP,Female,36,95,79,34,30,
282,2,7,Male_limited,UBI,Female,37,44,29,47,53,
283,2,7,Male_limited,UBI,Female,37,28,29,52,53,
284,2,7,Male_limited,UBI,Female,37,58,46,27,31,
285,2,7,Male_limited,UBI,Female,38,77,78,21,26,
286,2,7,Male_limited,UBI,Female,38,54,60,41,32,
287,2,7,Male_limited,UBI,Female,38,60,62,30,20,
288,2,8,Female_limited,3xP,Female,39,86,96,22,14,
289,2,8,Female_limited,3xP,Female,39,71,78,18,19,
290,2,8,Female_limited,3xP,Female,39,60,44,35,43,
291,2,8,Female_limited,3xP,Female,40,69,37,37,53,
292,2,8,Female_limited,3xP,Female,40,69,63,21,19,
293,2,8,Female_limited,3xP,Female,40,76,57,48,39,
294,2,8,Female_limited,3xP,Female,40,75,60,27,19,
295,2,8,Female_limited,3xP,Female,40,68,70,39,33,
296,2,9,Control,UBI,Female,41,39,40,44,38,
297,2,9,Control,UBI,Female,42,32,37,42,46,
298,2,9,Control,UBI,Female,42,54,46,47,62,
299,2,9,Control,UBI,Female,42,42,38,53,33,
300,2,9,Control,UBI,Female,42,38,45,51,60,
301,2,9,Control,UBI,Female,42,56,58,28,24,
302,2,9,Control,UBI,Female,42,34,36,46,50,
303,2,9,Control,UBI,Female,42,44,50,50,57,
304,2,9,Control,UBI,Female,42,52,38,44,49,
305,2,9,Control,UBI,Female,42,57,48,60,56,
306,2,9,Control,UBI,Female,42,57,67,45,47,
307,2,9,Control,UBI,Female,42,70,54,30,22,
308,2,10,Control,UBI,Female,43,41,45,47,44,
309,2,10,Control,UBI,Female,43,41,32,38,53,
310,2,11,Control,3xP,Female,45,69,60,21,25,
311,2,11,Control,3xP,Female,45,45,53,30,38,
312,2,11,Control,3xP,Female,46,66,49,34,53,
313,2,11,Control,3xP,Female,46,50,54,37,43,
314,2,12,Control,3xP,Female,47,76,68,19,17,
315,2,12,Control,3xP,Female,48,53,37,37,37,
316,2,12,Control,3xP,Female,48,66,56,13,12,
317,2,1,Female_limited,UBI,Male,25,81,54,1,0,
318,2,1,Female_limited,UBI,Male,25,37,20,14,20,
319,2,1,Female_limited,UBI,Male,25,65,59,9,4,
320,2,1,Female_limited,UBI,Male,25,53,46,28,32,
321,2,1,Female_limited,UBI,Male,25,46,41,26,25,
322,2,1,Female_limited,UBI,Male,26,59,56,10,10,
323,2,1,Female_limited,UBI,Male,26,50,40,19,18,
324,2,1,Female_limited,UBI,Male,26,24,28,0,0,
325,2,1,Female_limited,UBI,Male,26,51,65,11,9,
326,2,1,Female_limited,UBI,Male,26,52,57,0,0,
327,2,1,Female_limited,UBI,Male,26,48,49,13,12,
328,2,2,Male_limited,3xP,Male,27,66,46,0,0,
329,2,2,Male_limited,3xP,Male,27,72,75,0,0,
330,2,2,Male_limited,3xP,Male,27,49,53,0,0,
331,2,2,Male_limited,3xP,Male,27,58,74,0,0,
332,2,2,Male_limited,3xP,Male,27,67,54,8,8,
333,2,2,Male_limited,3xP,Male,27,51,47,19,10,
334,2,2,Male_limited,3xP,Male,27,35,34,12,13,
335,2,2,Male_limited,3xP,Male,28,41,62,8,7,
336,2,2,Male_limited,3xP,Male,28,52,51,0,0,
337,2,2,Male_limited,3xP,Male,28,59,61,0,0,
338,2,2,Male_limited,3xP,Male,28,28,16,0,0,
339,2,2,Male_limited,3xP,Male,28,27,33,16,17,
340,2,2,Male_limited,3xP,Male,28,44,50,0,0,
341,2,2,Male_limited,3xP,Male,28,32,40,3,0,
342,2,3,Female_limited,UBI,Male,29,0,0,0,0,No offspring produced
343,2,3,Female_limited,UBI,Male,29,38,34,7,5,
344,2,3,Female_limited,UBI,Male,29,22,20,4,0,
345,2,3,Female_limited,UBI,Male,29,16,12,38,35,
346,2,3,Female_limited,UBI,Male,29,56,68,0,0,
347,2,3,Female_limited,UBI,Male,29,27,27,14,15,
348,2,3,Female_limited,UBI,Male,29,64,46,0,0,
349,2,3,Female_limited,UBI,Male,30,43,21,16,19,
350,2,3,Female_limited,UBI,Male,30,50,54,0,0,
351,2,3,Female_limited,UBI,Male,30,16,24,47,36,
352,2,3,Female_limited,UBI,Male,30,63,52,0,1,
353,2,3,Female_limited,UBI,Male,30,77,59,0,0,
354,2,3,Female_limited,UBI,Male,30,28,30,44,46,
355,2,3,Female_limited,UBI,Male,30,61,50,7,4,
356,2,4,Male_limited,3xP,Male,31,49,63,20,23,
357,2,4,Male_limited,3xP,Male,31,12,27,1,1,
358,2,4,Male_limited,3xP,Male,31,43,57,25,16,
359,2,4,Male_limited,3xP,Male,31,42,30,0,0,
360,2,4,Male_limited,3xP,Male,31,45,41,15,21,
361,2,4,Male_limited,3xP,Male,31,34,20,5,0,
362,2,4,Male_limited,3xP,Male,31,57,48,11,10,
363,2,4,Male_limited,3xP,Male,31,38,37,37,22,
364,2,4,Male_limited,3xP,Male,32,53,54,8,3,
365,2,4,Male_limited,3xP,Male,32,20,19,22,22,
366,2,4,Male_limited,3xP,Male,32,45,40,13,19,
367,2,5,Male_limited,UBI,Male,33,38,41,0,0,
368,2,5,Male_limited,UBI,Male,33,38,30,0,0,
369,2,5,Male_limited,UBI,Male,33,22,26,5,8,
370,2,5,Male_limited,UBI,Male,33,55,37,2,5,
371,2,5,Male_limited,UBI,Male,34,32,24,5,3,
372,2,5,Male_limited,UBI,Male,34,39,31,0,0,
373,2,5,Male_limited,UBI,Male,34,15,5,35,35,
374,2,5,Male_limited,UBI,Male,34,66,57,1,0,
375,2,5,Male_limited,UBI,Male,34,44,48,4,7,
376,2,5,Male_limited,UBI,Male,34,48,45,1,11,
377,2,6,Female_limited,3xP,Male,35,36,33,14,10,
378,2,6,Female_limited,3xP,Male,35,38,37,5,5,
379,2,6,Female_limited,3xP,Male,35,47,52,6,1,
380,2,6,Female_limited,3xP,Male,36,23,21,5,6,
381,2,6,Female_limited,3xP,Male,36,83,69,0,0,
382,2,6,Female_limited,3xP,Male,36,27,39,1,1,
383,2,6,Female_limited,3xP,Male,36,40,44,0,0,
384,2,6,Female_limited,3xP,Male,36,35,37,0,0,
385,2,7,Male_limited,UBI,Male,37,34,26,26,36,
386,2,7,Male_limited,UBI,Male,37,44,53,0,0,
387,2,7,Male_limited,UBI,Male,37,46,48,9,13,
388,2,7,Male_limited,UBI,Male,37,48,28,19,22,
389,2,7,Male_limited,UBI,Male,37,48,44,12,16,
390,2,7,Male_limited,UBI,Male,37,67,56,1,1,
391,2,7,Male_limited,UBI,Male,37,44,53,19,27,
392,2,7,Male_limited,UBI,Male,38,38,37,15,18,
393,2,7,Male_limited,UBI,Male,38,47,49,4,6,
394,2,7,Male_limited,UBI,Male,38,70,87,0,0,
395,2,7,Male_limited,UBI,Male,38,61,59,12,14,
396,2,7,Male_limited,UBI,Male,38,61,53,13,12,
397,2,7,Male_limited,UBI,Male,38,73,39,10,8,
398,2,8,Female_limited,3xP,Male,39,27,30,4,2,
399,2,8,Female_limited,3xP,Male,39,57,61,11,3,
400,2,8,Female_limited,3xP,Male,39,25,38,11,11,
401,2,8,Female_limited,3xP,Male,39,48,41,6,9,
402,2,8,Female_limited,3xP,Male,39,61,52,8,9,
403,2,8,Female_limited,3xP,Male,39,45,49,0,0,
404,2,8,Female_limited,3xP,Male,40,21,30,19,22,
405,2,8,Female_limited,3xP,Male,40,22,15,7,7,
406,2,8,Female_limited,3xP,Male,40,57,54,2,0,
407,2,8,Female_limited,3xP,Male,40,36,35,0,0,
408,2,8,Female_limited,3xP,Male,40,54,57,0,0,
409,2,8,Female_limited,3xP,Male,40,31,38,22,11,
410,2,9,Control,UBI,Male,41,20,37,29,28,
411,2,9,Control,UBI,Male,41,52,39,0,0,
412,2,9,Control,UBI,Male,41,33,36,26,19,
413,2,9,Control,UBI,Male,42,33,42,7,9,
414,2,9,Control,UBI,Male,42,34,45,1,0,
415,2,9,Control,UBI,Male,42,49,37,11,9,
416,2,9,Control,UBI,Male,42,46,45,1,1,
417,2,9,Control,UBI,Male,42,23,38,12,14,
418,2,9,Control,UBI,Male,42,44,41,16,14,
419,2,9,Control,UBI,Male,42,6,5,16,24,
420,2,9,Control,UBI,Male,42,20,29,12,11,
421,2,9,Control,UBI,Male,42,28,33,32,25,
422,2,10,Control,UBI,Male,43,35,31,21,17,
423,2,10,Control,UBI,Male,43,43,37,7,6,
424,2,10,Control,UBI,Male,43,63,57,0,0,
425,2,10,Control,UBI,Male,44,41,31,8,12,
426,2,10,Control,UBI,Male,44,40,27,0,0,
427,2,10,Control,UBI,Male,43,30,36,5,6,
428,2,10,Control,UBI,Male,43,40,38,25,15,
429,2,10,Control,UBI,Male,43,58,61,0,0,
430,2,11,Control,3xP,Male,45,48,37,2,2,
431,2,11,Control,3xP,Male,45,31,32,0,0,
432,2,11,Control,3xP,Male,45,35,41,8,5,
433,2,11,Control,3xP,Male,45,73,73,1,0,
434,2,11,Control,3xP,Male,46,41,36,17,18,
435,2,11,Control,3xP,Male,46,53,50,5,2,
436,2,11,Control,3xP,Male,46,49,39,31,25,
437,2,11,Control,3xP,Male,46,38,38,18,5,
438,2,11,Control,3xP,Male,46,34,29,6,7,
439,2,12,Control,3xP,Male,47,27,31,5,7,
440,2,12,Control,3xP,Male,47,29,29,10,7,
441,2,12,Control,3xP,Male,47,42,41,0,2,
442,2,12,Control,3xP,Male,47,8,15,22,31,
443,2,12,Control,3xP,Male,47,21,22,31,33,
444,2,12,Control,3xP,Male,48,47,45,7,6,
445,2,12,Control,3xP,Male,48,54,61,0,0,
446,2,12,Control,3xP,Male,48,24,31,4,7,
447,2,12,Control,3xP,Male,48,46,42,2,1,
448,3,1,Female_limited,UBI,Female,49,48,53,70,70,
449,3,1,Female_limited,UBI,Female,49,50,54,49,42,
450,3,1,Female_limited,UBI,Female,49,43,39,61,71,
451,3,1,Female_limited,UBI,Female,49,80,76,33,37,
452,3,1,Female_limited,UBI,Female,49,96,81,43,43,
453,3,1,Female_limited,UBI,Female,49,50,51,58,53,
454,3,1,Female_limited,UBI,Female,49,78,82,33,30,
455,3,1,Female_limited,UBI,Female,49,55,53,54,57,
456,3,1,Female_limited,UBI,Female,50,80,78,63,49,
457,3,1,Female_limited,UBI,Female,50,69,52,62,48,
458,3,1,Female_limited,UBI,Female,50,84,78,64,72,
459,3,1,Female_limited,UBI,Female,50,79,65,38,45,
460,3,1,Female_limited,UBI,Female,50,55,65,35,44,
461,3,1,Female_limited,UBI,Female,50,50,41,46,42,
462,3,1,Female_limited,UBI,Female,50,61,42,27,25,
463,3,2,Male_limited,3xP,Female,51,88,82,26,38,
464,3,2,Male_limited,3xP,Female,51,82,77,36,27,
465,3,2,Male_limited,3xP,Female,51,66,66,34,36,
466,3,2,Male_limited,3xP,Female,51,60,57,28,33,
467,3,2,Male_limited,3xP,Female,51,79,87,42,33,
468,3,2,Male_limited,3xP,Female,51,57,58,19,15,
469,3,2,Male_limited,3xP,Female,51,74,60,46,49,
470,3,2,Male_limited,3xP,Female,51,68,71,45,43,
471,3,2,Male_limited,3xP,Female,52,75,85,19,26,
472,3,2,Male_limited,3xP,Female,52,60,55,31,25,
473,3,2,Male_limited,3xP,Female,52,25,7,2,3,
474,3,2,Male_limited,3xP,Female,52,71,71,53,59,
475,3,2,Male_limited,3xP,Female,52,57,65,72,67,
476,3,2,Male_limited,3xP,Female,52,50,33,38,40,
477,3,2,Male_limited,3xP,Female,52,70,64,56,62,
478,3,3,Female_limited,UBI,Female,53,40,20,17,12,
479,3,3,Female_limited,UBI,Female,53,46,53,32,35,
480,3,3,Female_limited,UBI,Female,53,80,77,32,43,
481,3,3,Female_limited,UBI,Female,53,48,56,62,54,
482,3,3,Female_limited,UBI,Female,53,35,16,18,6,
483,3,3,Female_limited,UBI,Female,53,88,77,56,41,
484,3,3,Female_limited,UBI,Female,53,44,44,51,43,
485,3,3,Female_limited,UBI,Female,53,81,78,52,71,
486,3,3,Female_limited,UBI,Female,54,80,88,35,42,
487,3,3,Female_limited,UBI,Female,54,65,84,46,34,
488,3,3,Female_limited,UBI,Female,54,95,71,33,33,
489,3,3,Female_limited,UBI,Female,54,57,58,31,32,
490,3,3,Female_limited,UBI,Female,54,76,83,32,36,
491,3,3,Female_limited,UBI,Female,54,59,28,17,3,
492,3,3,Female_limited,UBI,Female,54,84,79,31,37,
493,3,4,Male_limited,3xP,Female,55,69,61,53,53,
494,3,4,Male_limited,3xP,Female,55,77,67,35,57,
495,3,4,Male_limited,3xP,Female,55,12,6,18,14,
496,3,4,Male_limited,3xP,Female,55,62,52,26,24,
497,3,4,Male_limited,3xP,Female,55,88,82,39,28,
498,3,4,Male_limited,3xP,Female,56,96,113,14,12,
499,3,4,Male_limited,3xP,Female,56,43,32,33,9,
500,3,4,Male_limited,3xP,Female,56,78,48,14,13,
501,3,4,Male_limited,3xP,Female,56,61,65,36,31,
502,3,4,Male_limited,3xP,Female,56,87,51,37,36,
503,3,5,Male_limited,UBI,Female,57,81,63,41,37,
504,3,5,Male_limited,UBI,Female,57,69,56,39,50,
505,3,5,Male_limited,UBI,Female,57,41,48,50,44,
506,3,5,Male_limited,UBI,Female,57,74,48,40,41,
507,3,5,Male_limited,UBI,Female,57,51,49,45,37,
508,3,5,Male_limited,UBI,Female,58,59,68,46,40,
509,3,5,Male_limited,UBI,Female,58,24,22,18,2,
510,3,5,Male_limited,UBI,Female,58,54,30,30,5,
511,3,5,Male_limited,UBI,Female,58,60,54,35,30,
512,3,5,Male_limited,UBI,Female,58,65,35,35,38,
513,3,6,Female_limited,3xP,Female,59,40,59,61,53,
514,3,6,Female_limited,3xP,Female,59,56,43,32,41,
515,3,6,Female_limited,3xP,Female,59,60,65,50,40,
516,3,6,Female_limited,3xP,Female,59,62,59,56,43,
517,3,6,Female_limited,3xP,Female,59,70,54,58,49,
518,3,6,Female_limited,3xP,Female,60,34,30,14,11,
519,3,6,Female_limited,3xP,Female,60,46,54,22,20,
520,3,6,Female_limited,3xP,Female,60,64,47,40,51,
521,3,6,Female_limited,3xP,Female,60,65,60,33,25,
522,3,6,Female_limited,3xP,Female,60,69,71,36,41,
523,3,7,Male_limited,UBI,Female,61,46,58,45,44,
524,3,7,Male_limited,UBI,Female,61,49,35,47,37,
525,3,7,Male_limited,UBI,Female,61,61,67,33,55,
526,3,7,Male_limited,UBI,Female,61,59,54,44,56,
527,3,7,Male_limited,UBI,Female,61,74,62,53,46,
528,3,7,Male_limited,UBI,Female,62,72,64,43,54,
529,3,7,Male_limited,UBI,Female,62,46,41,64,55,
530,3,7,Male_limited,UBI,Female,62,63,43,42,47,
531,3,7,Male_limited,UBI,Female,62,78,58,40,40,
532,3,7,Male_limited,UBI,Female,62,61,64,29,24,
533,3,8,Female_limited,3xP,Female,63,79,80,31,38,
534,3,8,Female_limited,3xP,Female,63,76,83,48,47,
535,3,8,Female_limited,3xP,Female,63,62,55,34,38,
536,3,8,Female_limited,3xP,Female,63,73,58,32,29,
537,3,8,Female_limited,3xP,Female,63,65,61,40,49,
538,3,8,Female_limited,3xP,Female,64,82,54,9,24,
539,3,8,Female_limited,3xP,Female,64,76,72,40,48,
540,3,8,Female_limited,3xP,Female,64,85,84,42,35,
541,3,8,Female_limited,3xP,Female,64,69,84,42,43,
542,3,8,Female_limited,3xP,Female,64,82,55,40,54,
543,3,9,Control,UBI,Female,65,62,52,38,49,
544,3,9,Control,UBI,Female,65,57,57,38,32,
545,3,9,Control,UBI,Female,65,92,58,29,38,
546,3,9,Control,UBI,Female,65,68,60,54,44,
547,3,9,Control,UBI,Female,65,49,43,50,51,
548,3,9,Control,UBI,Female,66,62,65,42,39,
549,3,9,Control,UBI,Female,66,79,65,38,32,
550,3,9,Control,UBI,Female,66,55,44,50,46,
551,3,9,Control,UBI,Female,66,68,54,28,53,
552,3,9,Control,UBI,Female,66,71,51,41,35,
553,3,10,Control,UBI,Female,67,71,62,40,38,
554,3,10,Control,UBI,Female,67,62,66,54,39,
555,3,10,Control,UBI,Female,67,56,48,56,58,
556,3,10,Control,UBI,Female,67,54,58,58,58,
557,3,10,Control,UBI,Female,67,57,44,32,50,
558,3,10,Control,UBI,Female,68,75,57,50,50,
559,3,10,Control,UBI,Female,68,50,50,40,52,
560,3,10,Control,UBI,Female,68,26,34,79,62,
561,3,10,Control,UBI,Female,68,55,51,63,82,
562,3,10,Control,UBI,Female,68,60,44,51,43,
563,3,11,Control,3xP,Female,69,46,42,42,56,
564,3,11,Control,3xP,Female,69,59,65,66,58,
565,3,11,Control,3xP,Female,69,77,87,41,37,
566,3,11,Control,3xP,Female,69,69,62,58,48,
567,3,11,Control,3xP,Female,69,78,60,39,50,
568,3,11,Control,3xP,Female,70,90,70,44,49,
569,3,11,Control,3xP,Female,70,79,57,38,39,
570,3,11,Control,3xP,Female,70,46,56,23,17,
571,3,11,Control,3xP,Female,70,11,6,3,0,
572,3,11,Control,3xP,Female,70,82,81,37,36,
573,3,12,Control,3xP,Female,71,72,79,37,35,
574,3,12,Control,3xP,Female,71,87,77,22,24,
575,3,12,Control,3xP,Female,71,58,65,39,43,
576,3,12,Control,3xP,Female,71,85,65,48,40,
577,3,12,Control,3xP,Female,71,77,78,46,35,
578,3,12,Control,3xP,Female,72,75,71,32,43,
579,3,12,Control,3xP,Female,72,63,57,43,39,
580,3,12,Control,3xP,Female,72,63,63,39,45,
581,3,12,Control,3xP,Female,72,57,89,41,45,
582,3,12,Control,3xP,Female,72,60,72,56,43,
583,3,1,Female_limited,UBI,Male,49,89,84,10,17,
584,3,1,Female_limited,UBI,Male,49,82,75,4,1,
585,3,1,Female_limited,UBI,Male,49,82,82,31,32,
586,3,1,Female_limited,UBI,Male,49,75,80,11,18,
587,3,1,Female_limited,UBI,Male,49,54,51,22,25,
588,3,1,Female_limited,UBI,Male,50,64,64,28,22,
589,3,1,Female_limited,UBI,Male,50,33,44,43,60,
590,3,1,Female_limited,UBI,Male,50,93,87,7,7,
591,3,1,Female_limited,UBI,Male,50,44,59,16,25,
592,3,1,Female_limited,UBI,Male,50,110,94,12,17,
593,3,2,Male_limited,3xP,Male,51,70,60,44,27,
594,3,2,Male_limited,3xP,Male,51,78,66,32,43,
595,3,2,Male_limited,3xP,Male,51,90,86,14,17,
596,3,2,Male_limited,3xP,Male,51,88,94,3,7,
597,3,2,Male_limited,3xP,Male,51,64,52,33,33,
598,3,2,Male_limited,3xP,Male,52,52,43,47,51,
599,3,2,Male_limited,3xP,Male,52,82,62,22,24,
600,3,2,Male_limited,3xP,Male,52,77,94,12,21,
601,3,2,Male_limited,3xP,Male,52,81,97,2,1,
602,3,2,Male_limited,3xP,Male,52,67,66,29,27,
603,3,3,Female_limited,UBI,Male,53,45,42,27,27,
604,3,3,Female_limited,UBI,Male,53,78,82,18,10,
605,3,3,Female_limited,UBI,Male,53,48,65,44,27,
606,3,3,Female_limited,UBI,Male,53,54,39,34,29,
607,3,3,Female_limited,UBI,Male,53,90,59,10,8,
608,3,3,Female_limited,UBI,Male,54,63,64,38,24,
609,3,3,Female_limited,UBI,Male,54,45,41,12,15,
610,3,3,Female_limited,UBI,Male,54,72,81,6,7,
611,3,3,Female_limited,UBI,Male,54,44,60,49,53,
612,3,3,Female_limited,UBI,Male,54,35,59,80,72,
613,3,4,Male_limited,3xP,Male,55,108,81,10,13,
614,3,4,Male_limited,3xP,Male,55,55,39,37,37,
615,3,4,Male_limited,3xP,Male,55,43,34,28,21,
616,3,4,Male_limited,3xP,Male,55,45,19,15,34,
617,3,4,Male_limited,3xP,Male,55,41,41,10,6,
618,3,4,Male_limited,3xP,Male,56,72,65,37,33,
619,3,4,Male_limited,3xP,Male,56,70,62,47,43,
620,3,4,Male_limited,3xP,Male,56,84,89,12,12,
621,3,4,Male_limited,3xP,Male,56,94,83,17,17,
622,3,4,Male_limited,3xP,Male,56,85,82,15,5,
623,3,5,Male_limited,UBI,Male,57,51,58,38,38,
624,3,5,Male_limited,UBI,Male,57,66,63,23,27,
625,3,5,Male_limited,UBI,Male,57,58,54,27,33,
626,3,5,Male_limited,UBI,Male,57,59,53,13,20,
627,3,5,Male_limited,UBI,Male,57,46,32,45,56,
628,3,5,Male_limited,UBI,Male,58,95,58,17,11,
629,3,5,Male_limited,UBI,Male,58,75,74,36,25,
630,3,5,Male_limited,UBI,Male,58,49,37,54,39,
631,3,5,Male_limited,UBI,Male,58,52,50,47,34,
632,3,5,Male_limited,UBI,Male,58,68,67,13,16,
633,3,6,Female_limited,3xP,Male,59,100,77,7,6,
634,3,6,Female_limited,3xP,Male,59,75,72,24,23,
635,3,6,Female_limited,3xP,Male,59,50,54,58,34,
636,3,6,Female_limited,3xP,Male,59,70,58,23,25,
637,3,6,Female_limited,3xP,Male,59,48,46,51,37,
638,3,6,Female_limited,3xP,Male,60,45,43,0,0,
639,3,6,Female_limited,3xP,Male,60,91,68,0,0,
640,3,6,Female_limited,3xP,Male,60,57,54,33,29,
641,3,6,Female_limited,3xP,Male,60,33,46,47,51,
642,3,6,Female_limited,3xP,Male,60,53,53,28,41,
643,3,7,Male_limited,UBI,Male,61,22,22,56,71,
644,3,7,Male_limited,UBI,Male,61,11,8,10,16,
645,3,7,Male_limited,UBI,Male,61,27,41,53,57,
646,3,7,Male_limited,UBI,Male,61,74,76,15,17,
647,3,7,Male_limited,UBI,Male,62,55,45,11,10,
648,3,7,Male_limited,UBI,Male,62,50,44,51,55,
649,3,7,Male_limited,UBI,Male,62,47,30,29,29,
650,3,8,Female_limited,3xP,Male,62,29,28,47,47,
651,3,8,Female_limited,3xP,Male,63,40,31,35,27,
652,3,8,Female_limited,3xP,Male,63,82,80,14,27,
653,3,8,Female_limited,3xP,Male,63,97,102,0,0,
654,3,8,Female_limited,3xP,Male,64,47,49,40,37,
655,3,8,Female_limited,3xP,Male,64,75,106,3,5,
656,3,8,Female_limited,3xP,Male,64,92,87,2,4,
657,3,9,Control,UBI,Male,65,48,30,12,2,
658,3,9,Control,UBI,Male,65,19,22,103,78,
659,3,9,Control,UBI,Male,65,95,99,11,8,
660,3,9,Control,UBI,Male,66,32,32,38,35,
661,3,9,Control,UBI,Male,66,50,45,36,37,
662,3,9,Control,UBI,Male,66,76,55,28,30,
663,3,10,Control,UBI,Male,67,78,74,27,23,
664,3,10,Control,UBI,Male,67,87,77,12,14,
665,3,10,Control,UBI,Male,67,39,40,56,60,
666,3,10,Control,UBI,Male,68,13,13,19,13,
667,3,10,Control,UBI,Male,68,61,55,41,34,
668,3,10,Control,UBI,Male,68,91,73,31,33,
669,3,10,Control,UBI,Male,68,48,55,12,3,
670,3,10,Control,UBI,Male,68,16,12,35,37,
671,3,10,Control,UBI,Male,68,68,73,28,39,
672,3,10,Control,UBI,Male,68,88,69,29,23,
673,3,11,Control,3xP,Male,69,62,56,26,26,
674,3,11,Control,3xP,Male,69,64,52,36,36,
675,3,11,Control,3xP,Male,69,48,31,28,33,
676,3,11,Control,3xP,Male,69,62,68,42,33,
677,3,11,Control,3xP,Male,69,14,23,28,31,
678,3,11,Control,3xP,Male,70,56,35,58,62,
679,3,11,Control,3xP,Male,70,55,76,28,22,
680,3,11,Control,3xP,Male,70,76,69,46,40,
681,3,11,Control,3xP,Male,70,54,56,28,30,
682,3,11,Control,3xP,Male,70,81,82,15,15,
683,3,12,Control,3xP,Male,71,56,50,21,27,
684,3,12,Control,3xP,Male,71,71,77,9,12,
685,3,12,Control,3xP,Male,71,63,58,29,33,
686,3,12,Control,3xP,Male,71,59,38,40,49,
687,3,12,Control,3xP,Male,71,71,68,40,37,
688,3,12,Control,3xP,Male,72,37,46,53,51,
689,3,12,Control,3xP,Male,72,105,77,4,8,
690,3,12,Control,3xP,Male,72,26,17,7,13,
691,3,12,Control,3xP,Male,72,64,66,42,19,
692,3,12,Control,3xP,Male,72,104,97,14,12,